manifold,manifold_dimension,chi,delta,seed_index,seed,conditioned,jump_size,max_scan_difference,K_at_jump,K_at_max_scan_difference
$S^1$,1,0,0.35,0,136023,False,0.1770042790894603,0.2583128484007727,1.2011866283111055,1.1104741297442382
$S^1$,1,0,0.35,1,136024,False,0.14965260926187715,0.13399900832852094,1.0677201127675744,1.0677201127675744
$S^1$,1,0,0.35,2,136025,False,0.09356056699896648,0.1342517082682999,1.2011866283111055,1.1104741297442382
$S^1$,1,0,0.35,3,136026,False,0.12412058165235343,0.22624590136101397,1.1549401178131236,1.0677201127675744
$S^1$,1,0,0.35,4,136027,False,0.11817237110206605,0.1378926900265884,1.0677201127675744,1.0677201127675744
$S^1$,1,0,0.35,5,136028,False,0.15772348533380248,0.13746681910451447,1.0266121548198242,1.0266121548198242
$S^1$,1,0,0.35,6,136029,False,0.14697225631998817,0.23408201958008423,1.0677201127675744,1.0266121548198242
$S^1$,1,0,0.35,7,136030,False,0.17452473094827317,0.1051980122670703,0.9490833583548156,0.9125429969645716
$S^1$,1,0,0.35,8,136031,False,0.13391844212614495,0.11717514876674422,0.9490833583548156,0.9490833583548156
$S^1$,1,0,0.35,9,136032,False,0.08588268950059286,0.14061982794147715,1.0677201127675744,0.9870868814974053
$S^1$,1,0,0.35,10,136033,False,0.0879011702322395,0.14969185148701347,0.9125429969645716,1.0266121548198242
$S^1$,1,0,0.35,11,136034,False,0.12284064424045238,0.15699624458785846,1.2011866283111055,1.1549401178131236
$S^1$,1,0,0.35,12,136035,False,0.2273064356079894,0.20384097118407996,1.0677201127675744,1.0677201127675744
$S^1$,1,0,0.35,13,136036,False,0.11079990931580513,0.1185001852749445,1.1549401178131236,0.8436285973589559
$S^1$,1,0,0.35,14,136037,False,0.0996277900005279,0.06696295525765972,0.9870868814974053,0.43279668237059493
$S^1$,1,0,0.5,0,151023,False,0.13510891829283941,0.093988779981796,0.9870868814974055,0.8774094645939033
$S^1$,1,0,0.5,1,151024,False,0.13889131737846486,0.10595775242861258,1.1104741297442384,1.1104741297442384
$S^1$,1,0,0.5,2,151025,False,0.11010869536916384,0.12578186514645337,1.1104741297442384,0.9870868814974055
$S^1$,1,0,0.5,3,151026,False,0.1396262811574845,0.1238952716643834,1.0266121548198244,1.0266121548198244
$S^1$,1,0,0.5,4,151027,False,0.12887372979010575,0.14452821310193711,0.9870868814974055,0.9870868814974055
$S^1$,1,0,0.5,5,151028,False,0.11441246649330039,0.15530492834451426,1.1104741297442384,0.9870868814974055
$S^1$,1,0,0.5,6,151029,False,0.11054083696199205,0.14626506173088438,0.8436285973589561,0.9870868814974055
$S^1$,1,0,0.5,7,151030,False,0.07427149951866091,0.11979109138107705,0.6409057097491851,0.8436285973589561
$S^1$,1,0,0.5,8,151031,False,0.16499875102148917,0.16650113741804096,1.0266121548198244,1.0266121548198244
$S^1$,1,0,0.5,9,151032,False,0.0817418034310925,0.1403541486658123,1.1104741297442384,0.9870868814974055
$S^1$,1,0,0.5,10,151033,False,0.16494903069933337,0.10559076822738248,0.9490833583548159,1.0677201127675746
$S^1$,1,0,0.5,11,151034,False,0.09834294377217084,0.10067542852860814,0.8111483167226201,0.749891149198474
$S^1$,1,0,0.5,12,151035,False,0.1594719639660148,0.12188614301536238,1.0266121548198244,1.0266121548198244
$S^1$,1,0,0.5,13,151036,False,0.12454760596546205,0.1165114766134836,1.1549401178131238,1.1549401178131238
$S^1$,1,0,0.5,14,151037,False,0.08677653803429292,0.08290647076254976,1.0677201127675746,1.0677201127675746
$S^2$,2,2,0.35,0,146023,True,0.2072157497891624,0.8778725843503603,0.11390667713934903,0.08653504632928354
$S^2$,2,2,0.35,1,146024,True,0.15926624681700424,0.8630137457259625,0.101250253119456,0.08
$S^2$,2,2,0.35,2,146025,True,0.15465030700473348,0.8541671495460181,0.10530455067271668,0.08
$S^2$,2,2,0.35,3,146026,True,0.20086531252653794,0.8863866900505141,0.12321149479335385,0.08
$S^2$,2,2,0.35,4,146027,True,0.16426055020288155,0.8780854460051202,0.11390667713934903,0.08320338758934447
$S^2$,2,2,0.35,5,146028,True,0.17641074778312804,0.8803186020320143,0.11390667713934903,0.08
$S^2$,2,2,0.35,6,146029,True,0.15291254101414187,0.8598395195698486,0.10530455067271668,0.08
$S^2$,2,2,0.35,7,146030,True,0.16567633468362025,0.8719467362941228,0.10952119180679762,0.08
$S^2$,2,2,0.35,8,146031,True,0.17465116481462917,0.8712148727533134,0.11846776758799472,0.08320338758934447
$S^2$,2,2,0.35,9,146032,True,0.17114277467599098,0.8571548104153929,0.10530455067271668,0.08320338758934447
$S^2$,2,2,0.35,10,146033,True,0.14695651845616442,0.833301048958697,0.101250253119456,0.08
$S^2$,2,2,0.35,11,146034,True,0.1660343403450555,0.8701158470677728,0.10952119180679762,0.08
$S^2$,2,2,0.35,12,146035,True,0.18511938227035052,0.8870889016665039,0.1332764051280393,0.09360392804014057
$S^2$,2,2,0.35,13,146036,True,0.17420591692939374,0.8684763275437359,0.10530455067271668,0.08653504632928354
$S^2$,2,2,0.35,14,146037,True,0.2008801385137357,0.8849239769398108,0.12814517195942393,0.0900001124974657
$S^2$,2,2,0.5,0,161023,True,0.24096412527393074,0.8593914139632114,0.101250253119456,0.08
$S^2$,2,2,0.5,1,161024,True,0.20133474813186847,0.8135560112344524,0.09360392804014056,0.08
$S^2$,2,2,0.5,2,161025,True,0.2005328735714682,0.8567411778429594,0.101250253119456,0.08
$S^2$,2,2,0.5,3,161026,True,0.19201791055975226,0.8120141638702363,0.09360392804014056,0.08
$S^2$,2,2,0.5,4,161027,True,0.22262536008448236,0.8504349880693371,0.113906677139349,0.08653504632928351
$S^2$,2,2,0.5,5,161028,True,0.2160737269026814,0.8559022750826625,0.09735204880761152,0.08
$S^2$,2,2,0.5,6,161029,True,0.2180301960287525,0.8588878756911397,0.101250253119456,0.08
$S^2$,2,2,0.5,7,161030,True,0.19823654016408698,0.8583442002342516,0.09735204880761152,0.08
$S^2$,2,2,0.5,8,161031,True,0.20862088625214714,0.8070867492365243,0.09000011249746569,0.08
$S^2$,2,2,0.5,9,161032,True,0.19255791456570653,0.8133788210809322,0.09000011249746569,0.08
$S^2$,2,2,0.5,10,161033,True,0.19639434887351442,0.8316265972108512,0.09360392804014056,0.08
$S^2$,2,2,0.5,11,161034,True,0.20636697859294573,0.866905907116584,0.09735204880761152,0.08
$S^2$,2,2,0.5,12,161035,True,0.20790815680746283,0.8687116898815518,0.09735204880761152,0.08
$S^2$,2,2,0.5,13,161036,True,0.21357729474102538,0.8773414482052336,0.10530455067271666,0.08320338758934445
$S^2$,2,2,0.5,14,161037,True,0.24804660143816054,0.8781728457611375,0.10952119180679759,0.08653504632928351
$S^3$,3,0,0.35,0,156023,False,0.06417202210252132,0.0890123030551826,0.5925051057906946,0.5477596704910441
$S^3$,3,0,0.35,1,156024,False,0.08221179140620624,0.08553310711018214,0.2922629107865141,0.27019148720336417
$S^3$,3,0,0.35,2,156025,False,0.06758117506473157,0.0986359717233518,0.3847076812334268,0.25978892930361075
$S^3$,3,0,0.35,3,156026,False,0.06946059181899805,0.0853819084803501,0.35565491444429176,0.3287961856202882
$S^3$,3,0,0.35,4,156027,False,0.08040275443851505,0.08637959202587463,0.3847076812334268,0.24978687703035873
$S^3$,3,0,0.35,5,156028,False,0.0829735956879095,0.15892211368273856,0.3287961856202882,0.3287961856202882
$S^3$,3,0,0.35,6,156029,False,0.08763585977244182,0.1128549141847712,0.46815101200124537,0.24016991064180945
$S^3$,3,0,0.35,7,156030,False,0.07463855283340029,0.11949447370172148,0.4327966823705949,0.4327966823705949
$S^3$,3,0,0.35,8,156031,False,0.0676561445448251,0.10809943064879998,0.34196195587578604,0.4327966823705949
$S^3$,3,0,0.35,9,156032,False,0.0718467437653057,0.06406138714891413,0.46815101200124537,0.46815101200124537
$S^3$,3,0,0.35,10,156033,False,0.06411930750874129,0.10292314729046437,0.5925051057906946,0.5063933689078589
$S^3$,3,0,0.35,11,156034,False,0.08018870476776171,0.11082261668917853,0.30396580305200427,0.1686783719258143
$S^3$,3,0,0.35,12,156035,False,0.09480356137631452,0.10507747122087757,0.46815101200124537,0.25978892930361075
$S^3$,3,0,0.35,13,156036,False,0.06709208272597511,0.09592985955695876,0.6665690772060667,0.23092320406681816
$S^3$,3,0,0.35,14,156037,False,0.06258433356825496,0.06029780092131845,0.2922629107865141,0.24978687703035873
$S^3$,3,0,0.5,0,171023,False,0.0479934598648204,0.07004958078737461,0.48689687627354333,0.666569077206067
$S^3$,3,0,0.5,1,171024,False,0.07637463916453296,0.11205679081058048,0.34196195587578615,0.32879618562028823
$S^3$,3,0,0.5,2,171025,False,0.07816262589837572,0.07999726233603818,0.24978687703035882,0.2597889293036108
$S^3$,3,0,0.5,3,171026,False,0.06268929151919442,0.07820116948839115,0.2597889293036108,0.24978687703035882
$S^3$,3,0,0.5,4,171027,False,0.06449777825865144,0.117821062987466,0.2701914872033643,0.3698961711820445
$S^3$,3,0,0.5,5,171028,False,0.06985610687829713,0.10524152835618358,0.43279668237059493,0.18976340561515812
$S^3$,3,0,0.5,6,171029,False,0.07531978955587025,0.09195948879052236,0.28101058791403655,0.28101058791403655
$S^3$,3,0,0.5,7,171030,False,0.09041979841044251,0.09754679306202702,0.5266705468239312,0.2701914872033643
$S^3$,3,0,0.5,8,171031,False,0.06383772713890343,0.09094240024453501,0.4161337127345729,0.4161337127345729
$S^3$,3,0,0.5,9,171032,False,0.0782792963804612,0.07543751089763902,0.13327640512803932,0.2309232040668182
$S^3$,3,0,0.5,10,171033,False,0.07771170164351121,0.07099464947465561,0.29226291078651423,0.5925051057906948
$S^3$,3,0,0.5,11,171034,False,0.06390191731935357,0.12322645906908536,0.31613730656552824,0.3556549144442918
$S^3$,3,0,0.5,12,171035,False,0.0721553501182419,0.08072711316942882,0.38470768123342686,0.16867837192581436
$S^3$,3,0,0.5,13,171036,False,0.06123605306826224,0.06183025307760559,0.5063933689078591,0.45012687638328774
$S^3$,3,0,0.5,14,171037,False,0.08132976873480055,0.07788801349569321,0.3556549144442918,0.31613730656552824
$S^4$,4,2,0.35,0,166023,True,0.14907115669471172,0.8024521240124931,0.10125025311945601,0.08
$S^4$,4,2,0.35,1,166024,True,0.14883413317243893,0.8278258089099888,0.10125025311945601,0.08
$S^4$,4,2,0.35,2,166025,True,0.1459303088349002,0.8237135646397182,0.10952119180679762,0.08
$S^4$,4,2,0.35,3,166026,True,0.15599826934016697,0.8431537188177993,0.10530455067271668,0.08
$S^4$,4,2,0.35,4,166027,True,0.18141354630936446,0.8494677885827415,0.11846776758799472,0.08320338758934447
$S^4$,4,2,0.35,5,166028,True,0.16693074955104853,0.861158502127693,0.11390667713934902,0.08653504632928354
$S^4$,4,2,0.35,6,166029,True,0.16052207275060681,0.8455516781254174,0.10952119180679762,0.08
$S^4$,4,2,0.35,7,166030,True,0.18032565755587238,0.8522219876431131,0.11846776758799472,0.08
$S^4$,4,2,0.35,8,166031,True,0.1516455730542156,0.8356318710130943,0.10530455067271668,0.08
$S^4$,4,2,0.35,9,166032,True,0.14722464195033907,0.8283334983153573,0.10125025311945601,0.08
$S^4$,4,2,0.35,10,166033,True,0.15328701942634432,0.823905802004449,0.10530455067271668,0.08
$S^4$,4,2,0.35,11,166034,True,0.1822207392928445,0.8675426117716231,0.12321149479335379,0.08
$S^4$,4,2,0.35,12,166035,True,0.14981844748273,0.8270664454174904,0.10530455067271668,0.08
$S^4$,4,2,0.35,13,166036,True,0.16713095961249413,0.8646842259428673,0.12814517195942393,0.08653504632928354
$S^4$,4,2,0.35,14,166037,True,0.18688296870434512,0.8662738986862629,0.12321149479335379,0.08
$S^4$,4,2,0.5,0,181023,True,0.19707589709189854,0.8410375186466127,0.0973520488076115,0.08
$S^4$,4,2,0.5,1,181024,True,0.18421891433001353,0.8243135794104128,0.10125025311945597,0.08653504632928351
$S^4$,4,2,0.5,2,181025,True,0.20932346456026435,0.8459960524527078,0.10125025311945597,0.08320338758934444
$S^4$,4,2,0.5,3,181026,True,0.20243779714678078,0.8079468263196107,0.09360392804014055,0.08
$S^4$,4,2,0.5,4,181027,True,0.2547092588937227,0.8641447089889404,0.11390667713934899,0.08
$S^4$,4,2,0.5,5,181028,True,0.2086565664060856,0.8705093435859363,0.10530455067271664,0.08
$S^4$,4,2,0.5,6,181029,True,0.2163726556681223,0.8471360412225775,0.10125025311945597,0.08320338758934444
$S^4$,4,2,0.5,7,181030,True,0.20963958716662967,0.8589846010922707,0.10530455067271664,0.08320338758934444
$S^4$,4,2,0.5,8,181031,True,0.21532219175155304,0.8517643724660467,0.10125025311945597,0.08320338758934444
$S^4$,4,2,0.5,9,181032,True,0.19135458288850637,0.8401158331197447,0.0973520488076115,0.08
$S^4$,4,2,0.5,10,181033,True,0.21229668308512428,0.8541596638081378,0.10530455067271664,0.08
$S^4$,4,2,0.5,11,181034,True,0.21023170990350087,0.8506013828056701,0.10952119180679758,0.08653504632928351
$S^4$,4,2,0.5,12,181035,True,0.19556469480776045,0.7942320541785977,0.09000011249746567,0.08
$S^4$,4,2,0.5,13,181036,True,0.20260868406136973,0.8467030226328767,0.0973520488076115,0.08
$S^4$,4,2,0.5,14,181037,True,0.2264361588865419,0.8345511295810346,0.0973520488076115,0.08320338758934444
$S^5$,5,0,0.35,0,176023,False,0.04813616737413373,0.06769167046188895,0.400112278878285,0.34196195587578615
$S^5$,5,0,0.35,1,176024,False,0.08535117168243757,0.1372441433745057,0.1973619773458998,0.1973619773458998
$S^5$,5,0,0.35,2,176025,False,0.0651139705588655,0.09284875814765736,0.2701914872033643,0.16218413871159862
$S^5$,5,0,0.35,3,176026,False,0.04406505647661263,0.06213506940524598,0.35565491444429187,0.15593993793817015
$S^5$,5,0,0.35,4,176027,False,0.0580339400303041,0.07019067228503889,0.2701914872033643,0.35565491444429187
$S^5$,5,0,0.35,5,176028,False,0.05362279523984638,0.10802472591967523,0.2052648137063791,0.17543264946603912
$S^5$,5,0,0.35,6,176029,False,0.07322043528794998,0.11966769386311121,0.21348409816583055,0.2052648137063791
$S^5$,5,0,0.35,7,176030,False,0.07174069763934939,0.07840484996915213,0.16218413871159862,0.16218413871159862
$S^5$,5,0,0.35,8,176031,False,0.05396121030544066,0.07942109819156665,0.1499361431847669,0.3039658030520044
$S^5$,5,0,0.35,9,176032,False,0.05517108083507727,0.15436182787938224,0.400112278878285,0.18976340561515812
$S^5$,5,0,0.35,10,176033,False,0.0659092032567378,0.07461880135130558,0.2597889293036108,0.31613730656552824
$S^5$,5,0,0.35,11,176034,False,0.0593526433177301,0.0771055106020988,0.24016991064180956,0.13861310490478443
$S^5$,5,0,0.35,12,176035,False,0.059845318029183886,0.06587022404513612,0.32879618562028823,0.32879618562028823
$S^5$,5,0,0.35,13,176036,False,0.04613050404021263,0.09124786453777087,0.31613730656552824,0.12321149479335379
$S^5$,5,0,0.35,14,176037,False,0.055799060188973036,0.1197463531551485,0.10952119180679762,0.24016991064180956
$S^5$,5,0,0.5,0,191023,False,0.08253590697314149,0.10378103928963335,0.2401699106418095,0.2401699106418095
$S^5$,5,0,0.5,1,191024,False,0.05279170615264307,0.08069113757204256,0.23092320406681818,0.23092320406681818
$S^5$,5,0,0.5,2,191025,False,0.07665212065695629,0.11425270385050032,0.3419619558757861,0.1897634056151581
$S^5$,5,0,0.5,3,191026,False,0.06605376695579412,0.07665943749479526,0.38470768123342697,0.38470768123342697
$S^5$,5,0,0.5,4,191027,False,0.07945386119222428,0.06577258321803836,0.23092320406681818,0.36989617118204443
$S^5$,5,0,0.5,5,191028,False,0.050236331926350596,0.07610947056910898,0.10530455067271667,0.1686783719258143
$S^5$,5,0,0.5,6,191029,False,0.046109658607466075,0.06808748897206067,0.19736197734589986,0.18245738411685572
$S^5$,5,0,0.5,7,191030,False,0.05826312804752809,0.08854429102678632,0.4001122788782851,0.1499361431847669
$S^5$,5,0,0.5,8,191031,False,0.049104181042503345,0.06539284814660135,0.18245738411685572,0.22203250204816574
$S^5$,5,0,0.5,9,191032,False,0.04206032956841804,0.05277311065234145,0.1686783719258143,0.08
$S^5$,5,0,0.5,10,191033,False,0.060882193422628045,0.05947195612586978,0.24978687703035876,0.2597889293036108
$S^5$,5,0,0.5,11,191034,False,0.05548812130278388,0.08013204379299943,0.21348409816583055,0.18245738411685572
$S^5$,5,0,0.5,12,191035,False,0.06112257504700086,0.10387316667666102,0.2810105879140365,0.3556549144442918
$S^5$,5,0,0.5,13,191036,False,0.06169328464861101,0.09927576391679377,0.5696932521209747,0.32879618562028823
$S^5$,5,0,0.5,14,191037,False,0.04383259684699671,0.05071699442667857,0.17543264946603912,0.1559399379381701
$S^6$,6,2,0.35,0,186023,True,0.18149516020734718,0.8512915759454448,0.11846776758799467,0.08320338758934442
$S^6$,6,2,0.35,1,186024,True,0.17800552525513147,0.8511000586512796,0.11846776758799467,0.0865350463292835
$S^6$,6,2,0.35,2,186025,True,0.17352999627665427,0.8256463553890947,0.11390667713934896,0.0865350463292835
$S^6$,6,2,0.35,3,186026,True,0.17275463107240502,0.8469745349198079,0.11846776758799467,0.0865350463292835
$S^6$,6,2,0.35,4,186027,True,0.16300306553341437,0.8339554597736393,0.10952119180679755,0.08320338758934442
$S^6$,6,2,0.35,5,186028,True,0.1468552181017418,0.8333423841565538,0.101250253119456,0.07999999999999999
$S^6$,6,2,0.35,6,186029,True,0.1728499352422211,0.8475021864174999,0.11846776758799467,0.08320338758934442
$S^6$,6,2,0.35,7,186030,True,0.1634425152659011,0.8280770324375206,0.10952119180679755,0.0865350463292835
$S^6$,6,2,0.35,8,186031,True,0.20600267409222905,0.8572019958677843,0.13327640512803923,0.09360392804014053
$S^6$,6,2,0.35,9,186032,True,0.18539255872473992,0.8459399116535321,0.12321149479335378,0.09360392804014053
$S^6$,6,2,0.35,10,186033,True,0.16562708349139038,0.8471074314294612,0.11390667713934896,0.07999999999999999
$S^6$,6,2,0.35,11,186034,True,0.15468487206412684,0.8421493984417382,0.10952119180679755,0.07999999999999999
$S^6$,6,2,0.35,12,186035,True,0.1713652618051678,0.856842951846353,0.11846776758799467,0.08320338758934442
$S^6$,6,2,0.35,13,186036,True,0.15057764369034843,0.8298520828126519,0.11390667713934896,0.08320338758934442
$S^6$,6,2,0.35,14,186037,True,0.14913600711796882,0.8160775024733503,0.10952119180679755,0.08320338758934442
$S^6$,6,2,0.5,0,201023,True,0.20788110132641852,0.8194250459037179,0.10125025311945599,0.08320338758934444
$S^6$,6,2,0.5,1,201024,True,0.20553117495035467,0.8392148605237765,0.10125025311945599,0.08
$S^6$,6,2,0.5,2,201025,True,0.19666685489599567,0.8347772553177346,0.0973520488076115,0.08
$S^6$,6,2,0.5,3,201026,True,0.203547776043827,0.8341693324070755,0.10125025311945599,0.08
$S^6$,6,2,0.5,4,201027,True,0.2073601890636595,0.8453519310842278,0.10952119180679756,0.08320338758934444
$S^6$,6,2,0.5,5,201028,True,0.23328729151244615,0.8574442172545608,0.11390667713934899,0.08320338758934444
$S^6$,6,2,0.5,6,201029,True,0.21430382080550747,0.8539343962207235,0.10530455067271666,0.08
$S^6$,6,2,0.5,7,201030,True,0.20960296394651906,0.8365340968156717,0.10530455067271666,0.08
$S^6$,6,2,0.5,8,201031,True,0.2236988491408144,0.8374328756450421,0.10125025311945599,0.08
$S^6$,6,2,0.5,9,201032,True,0.2284685431231267,0.8370189611539018,0.10125025311945599,0.08320338758934444
$S^6$,6,2,0.5,10,201033,True,0.23448183675484097,0.8435899208547264,0.10952119180679756,0.08
$S^6$,6,2,0.5,11,201034,True,0.21035516664761106,0.8355711601720758,0.10530455067271666,0.08
$S^6$,6,2,0.5,12,201035,True,0.22009586875666703,0.8591296637872422,0.10530455067271666,0.08
$S^6$,6,2,0.5,13,201036,True,0.21160059352354138,0.8516382908433857,0.10952119180679756,0.08320338758934444
$S^6$,6,2,0.5,14,201037,True,0.19921390198188932,0.8156988902924978,0.10125025311945599,0.08
$S^7$,7,0,0.35,0,196023,False,0.05872365157050194,0.10426358458029292,0.22203250204816583,0.2052648137063791
$S^7$,7,0,0.35,1,196024,False,0.04445591804600929,0.10626624859312545,0.22203250204816583,0.1973619773458998
$S^7$,7,0,0.35,2,196025,False,0.06361910231352876,0.0941118789512817,0.16218413871159862,0.2052648137063791
$S^7$,7,0,0.35,3,196026,False,0.04875321384882633,0.09490194529761015,0.1441634986544405,0.17543264946603915
$S^7$,7,0,0.35,4,196027,False,0.04106443244243371,0.12890153387858705,0.21348409816583055,0.1973619773458998
$S^7$,7,0,0.35,5,196028,False,0.04690166304630794,0.10655666596717234,0.2597889293036108,0.21348409816583055
$S^7$,7,0,0.35,6,196029,False,0.046563162380318546,0.09531446620361482,0.16218413871159862,0.15593993793817013
$S^7$,7,0,0.35,7,196030,False,0.04986040098145131,0.07972670284384714,0.2309232040668182,0.24016991064180948
$S^7$,7,0,0.35,8,196031,False,0.055796644581937754,0.11347790062314278,0.18245738411685578,0.1973619773458998
$S^7$,7,0,0.35,9,196032,False,0.04657333827440979,0.11478562235994724,0.3039658030520044,0.11390667713934903
$S^7$,7,0,0.35,10,196033,False,0.04846763237859808,0.06956882911482001,0.2597889293036108,0.18245738411685578
$S^7$,7,0,0.35,11,196034,False,0.05067130511913513,0.10020568685582433,0.12814517195942396,0.13327640512803932
$S^7$,7,0,0.35,12,196035,False,0.05280353553939604,0.07355483880102676,0.2597889293036108,0.18976340561515812
$S^7$,7,0,0.35,13,196036,False,0.051817417755763956,0.08526914151575443,0.17543264946603915,0.18976340561515812
$S^7$,7,0,0.35,14,196037,False,0.056145440304706015,0.1192766778919462,0.1973619773458998,0.18976340561515812
$S^7$,7,0,0.5,0,211023,False,0.048466241454640624,0.09558813038732104,0.2922629107865142,0.1559399379381701
$S^7$,7,0,0.5,1,211024,False,0.0569499568355705,0.06302500073670707,0.19736197734589978,0.1281451719594239
$S^7$,7,0,0.5,2,211025,False,0.05466826762269729,0.0695721538000342,0.13861310490478437,0.09735204880761152
$S^7$,7,0,0.5,3,211026,False,0.060784429219761044,0.12280295282075067,0.19736197734589978,0.13861310490478437
$S^7$,7,0,0.5,4,211027,False,0.05704808774533565,0.06022099105827225,0.34196195587578604,0.14416349865444048
$S^7$,7,0,0.5,5,211028,False,0.04444726893241331,0.08646350276325496,0.14993614318476692,0.10530455067271666
$S^7$,7,0,0.5,6,211029,False,0.04333930813402498,0.08335046483850692,0.16867837192581434,0.24978687703035876
$S^7$,7,0,0.5,7,211030,False,0.0661492405958001,0.08033167417144058,0.1559399379381701,0.1559399379381701
$S^7$,7,0,0.5,8,211031,False,0.05170118022379826,0.05642817587642908,0.1095211918067976,0.11846776758799468
$S^7$,7,0,0.5,9,211032,False,0.051054692561199794,0.0660760119567936,0.1897634056151581,0.16218413871159856
$S^7$,7,0,0.5,10,211033,False,0.05891227216838585,0.12383715269785017,0.24016991064180948,0.14993614318476692
$S^7$,7,0,0.5,11,211034,False,0.04738950262241026,0.08114404761068617,0.25978892930361075,0.11390667713934899
$S^7$,7,0,0.5,12,211035,False,0.06969006955625925,0.09051195955977903,0.24016991064180948,0.1281451719594239
$S^7$,7,0,0.5,13,211036,False,0.03632935860377148,0.08951126112711259,0.25978892930361075,0.17543264946603906
$S^7$,7,0,0.5,14,211037,False,0.04506772758789715,0.05863624167183057,0.20526481370637906,0.19736197734589978
$S^8$,8,2,0.35,0,206023,True,0.1858237405383522,0.8501284880627117,0.1281451719594239,0.08
$S^8$,8,2,0.35,1,206024,True,0.17960594076757003,0.8495778774912647,0.1281451719594239,0.0865350463292835
$S^8$,8,2,0.35,2,206025,True,0.15172072429030947,0.814788319932221,0.10530455067271666,0.08
$S^8$,8,2,0.35,3,206026,True,0.13760826702614093,0.8143033429478581,0.10952119180679758,0.08
$S^8$,8,2,0.35,4,206027,True,0.15174328653336833,0.8443279242057451,0.10952119180679758,0.08
$S^8$,8,2,0.35,5,206028,True,0.14113271728608223,0.8376210778414114,0.10952119180679758,0.08
$S^8$,8,2,0.35,6,206029,True,0.16140428456462996,0.8357583177570114,0.11846776758799467,0.08
$S^8$,8,2,0.35,7,206030,True,0.1783517003493239,0.8344332573568872,0.11846776758799467,0.0865350463292835
$S^8$,8,2,0.35,8,206031,True,0.1683002666502199,0.8320642864633788,0.11390667713934899,0.09000011249746567
$S^8$,8,2,0.35,9,206032,True,0.1849066480516377,0.8395946529001082,0.11846776758799467,0.0865350463292835
$S^8$,8,2,0.35,10,206033,True,0.15804244539106066,0.8308221351083549,0.11390667713934899,0.08320338758934444
$S^8$,8,2,0.35,11,206034,True,0.16836601930012013,0.8399165270413399,0.11390667713934899,0.08320338758934444
$S^8$,8,2,0.35,12,206035,True,0.18418470526384056,0.8519394709391737,0.13327640512803926,0.08320338758934444
$S^8$,8,2,0.35,13,206036,True,0.15519279105102174,0.8171236346934745,0.10530455067271666,0.08
$S^8$,8,2,0.35,14,206037,True,0.13964625839594502,0.8317561381594796,0.10530455067271666,0.08
$S^8$,8,2,0.5,0,221023,True,0.2066270565912512,0.8357349009324451,0.101250253119456,0.08
$S^8$,8,2,0.5,1,221024,True,0.20490236977001097,0.8331174041289594,0.10952119180679759,0.0900001124974657
$S^8$,8,2,0.5,2,221025,True,0.2057637176397905,0.8396507321658551,0.101250253119456,0.08
$S^8$,8,2,0.5,3,221026,True,0.20056611590911017,0.8164722247805105,0.101250253119456,0.08320338758934447
$S^8$,8,2,0.5,4,221027,True,0.19748615164139116,0.8338524794641468,0.09735204880761153,0.08
$S^8$,8,2,0.5,5,221028,True,0.2188038772548982,0.8374517643240146,0.10952119180679759,0.08
$S^8$,8,2,0.5,6,221029,True,0.1985500679952858,0.8449672448119143,0.101250253119456,0.08
$S^8$,8,2,0.5,7,221030,True,0.2135132966163381,0.8474939462906115,0.10952119180679759,0.08320338758934447
$S^8$,8,2,0.5,8,221031,True,0.20760949948839008,0.839874410463507,0.101250253119456,0.08
$S^8$,8,2,0.5,9,221032,True,0.24262852057434786,0.8532742026092918,0.11390667713934903,0.08
$S^8$,8,2,0.5,10,221033,True,0.18604408350375584,0.8273612389677942,0.09735204880761153,0.08
$S^8$,8,2,0.5,11,221034,True,0.21803692766633814,0.8446227319116807,0.10952119180679759,0.0900001124974657
$S^8$,8,2,0.5,12,221035,True,0.2693026794015481,0.8442573484657934,0.1332764051280393,0.10952119180679759
$S^8$,8,2,0.5,13,221036,True,0.20600258727145287,0.8384340935864509,0.10530455067271667,0.08
$S^8$,8,2,0.5,14,221037,True,0.21363805737139552,0.8297097639007623,0.101250253119456,0.08
$S^9$,9,0,0.35,0,216023,False,0.05102829812517366,0.10757390323237928,0.16218413871159865,0.19736197734589983
$S^9$,9,0,0.35,1,216024,False,0.04778018861943217,0.09487883613646078,0.3556549144442918,0.18976340561515806
$S^9$,9,0,0.35,2,216025,False,0.06621653943648653,0.11864819047784518,0.22203250204816574,0.13861310490478437
$S^9$,9,0,0.35,3,216026,False,0.04493463029524378,0.11324837037818604,0.18976340561515806,0.1232114947933538
$S^9$,9,0,0.35,4,216027,False,0.0408623033424515,0.12430904787774813,0.24016991064180948,0.19736197734589983
$S^9$,9,0,0.35,5,216028,False,0.0740221148150901,0.10580440276641284,0.18976340561515806,0.10125025311945599
$S^9$,9,0,0.35,6,216029,False,0.04631841895830224,0.0892922616069819,0.27019148720336417,0.18976340561515806
$S^9$,9,0,0.35,7,216030,False,0.059816425928054084,0.1382860648319951,0.21348409816583047,0.13327640512803932
$S^9$,9,0,0.35,8,216031,False,0.05377937515060818,0.13072566328318996,0.17543264946603906,0.15593993793817007
$S^9$,9,0,0.35,9,216032,False,0.04168372148048373,0.1009116792499558,0.1686783719258143,0.13861310490478437
$S^9$,9,0,0.35,10,216033,False,0.04616069995154795,0.0983994429267542,0.23092320406681824,0.18976340561515806
$S^9$,9,0,0.35,11,216034,False,0.045748282403118734,0.11222917814015018,0.2597889293036108,0.18976340561515806
$S^9$,9,0,0.35,12,216035,False,0.043737600106572766,0.11573344051346707,0.1232114947933538,0.18976340561515806
$S^9$,9,0,0.35,13,216036,False,0.049491846761777744,0.11886549528220519,0.15593993793817007,0.18245738411685572
$S^9$,9,0,0.35,14,216037,False,0.06773211775034141,0.13960889804635587,0.20526481370637903,0.19736197734589983
$S^9$,9,0,0.5,0,231023,False,0.03865440999207462,0.1286798408997663,0.22203250204816571,0.13861310490478437
$S^9$,9,0,0.5,1,231024,False,0.04404661374461394,0.09634224574340079,0.31613730656552813,0.13861310490478437
$S^9$,9,0,0.5,2,231025,False,0.04859660763647586,0.09180909402092946,0.18976340561515806,0.17543264946603906
$S^9$,9,0,0.5,3,231026,False,0.04986221249455569,0.0711216924048063,0.23092320406681816,0.1332764051280393
$S^9$,9,0,0.5,4,231027,False,0.05087772949553171,0.11937401927898414,0.1824573841168557,0.13861310490478437
$S^9$,9,0,0.5,5,231028,False,0.05321420279800307,0.041924287648314074,0.17543264946603906,0.19736197734589978
$S^9$,9,0,0.5,6,231029,False,0.05694084409772808,0.10993710663563602,0.1824573841168557,0.12814517195942393
$S^9$,9,0,0.5,7,231030,False,0.07255531972056153,0.0935902321004165,0.1824573841168557,0.1686783719258143
$S^9$,9,0,0.5,8,231031,False,0.04156018443910753,0.08149208847907188,0.24016991064180945,0.1824573841168557
$S^9$,9,0,0.5,9,231032,False,0.042372720090650795,0.09572798099233158,0.25978892930361075,0.14416349865444048
$S^9$,9,0,0.5,10,231033,False,0.05756763855782687,0.1103039070526562,0.1824573841168557,0.1332764051280393
$S^9$,9,0,0.5,11,231034,False,0.03647126277465222,0.09853228579872957,0.12814517195942393,0.12814517195942393
$S^9$,9,0,0.5,12,231035,False,0.043316567421428864,0.08106411333147663,0.23092320406681816,0.13861310490478437
$S^9$,9,0,0.5,13,231036,False,0.03941978849912223,0.07287753322731672,0.16218413871159856,0.09000011249746569
$S^9$,9,0,0.5,14,231037,False,0.04924084125698823,0.13350766695774147,0.14993614318476692,0.14993614318476692
$S^10$,10,2,0.35,0,226023,True,0.1933313218856057,0.8430102743862441,0.1332764051280393,0.09735204880761153
$S^10$,10,2,0.35,1,226024,True,0.15471646959658175,0.8447616001107906,0.11390667713934903,0.08
$S^10$,10,2,0.35,2,226025,True,0.16164416240622642,0.8287209298561968,0.1095211918067976,0.08320338758934445
$S^10$,10,2,0.35,3,226026,True,0.19897193907270688,0.8573064276658343,0.1386131049047844,0.08320338758934445
$S^10$,10,2,0.35,4,226027,True,0.17731385766378166,0.8314259629087761,0.11390667713934903,0.08
$S^10$,10,2,0.35,5,226028,True,0.1633546720608175,0.8402252998259956,0.11390667713934903,0.0900001124974657
$S^10$,10,2,0.35,6,226029,True,0.16655476747428383,0.8383546889627969,0.11390667713934903,0.08653504632928354
$S^10$,10,2,0.35,7,226030,True,0.15712868937742674,0.8188995028249328,0.11390667713934903,0.08653504632928354
$S^10$,10,2,0.35,8,226031,True,0.21852629525103406,0.8573586915536421,0.1621841387115986,0.1095211918067976
$S^10$,10,2,0.35,9,226032,True,0.18718460603633047,0.8521878989387115,0.12321149479335378,0.08320338758934445
$S^10$,10,2,0.35,10,226033,True,0.18918508825528763,0.8352089651147369,0.11846776758799472,0.08320338758934445
$S^10$,10,2,0.35,11,226034,True,0.2075377243489528,0.8533887645242069,0.1332764051280393,0.08320338758934445
$S^10$,10,2,0.35,12,226035,True,0.16467750932877062,0.8337550823629215,0.1095211918067976,0.08653504632928354
$S^10$,10,2,0.35,13,226036,True,0.1430365461332686,0.8350196906935137,0.1095211918067976,0.08
$S^10$,10,2,0.35,14,226037,True,0.1657467914490478,0.842032851517234,0.11846776758799472,0.08653504632928354
$S^10$,10,2,0.5,0,241023,True,0.1954742523163333,0.8308857229300904,0.10530455067271666,0.08653504632928351
$S^10$,10,2,0.5,1,241024,True,0.19793214620135036,0.8365514794544754,0.10530455067271666,0.08320338758934444
$S^10$,10,2,0.5,2,241025,True,0.2302224581124271,0.8413398832775074,0.10952119180679758,0.08653504632928351
$S^10$,10,2,0.5,3,241026,True,0.20748813330013105,0.8311011861690831,0.10125025311945599,0.08320338758934444
$S^10$,10,2,0.5,4,241027,True,0.2267186555563666,0.8373894506528207,0.11390667713934899,0.09360392804014055
$S^10$,10,2,0.5,5,241028,True,0.21800551458795653,0.8388517894700521,0.10530455067271666,0.08
$S^10$,10,2,0.5,6,241029,True,0.1894350933893963,0.8246865851995443,0.09735204880761152,0.08
$S^10$,10,2,0.5,7,241030,True,0.20138294823014297,0.8221064442772696,0.09735204880761152,0.08
$S^10$,10,2,0.5,8,241031,True,0.20431821124220384,0.8367884214477156,0.10530455067271666,0.08320338758934444
$S^10$,10,2,0.5,9,241032,True,0.19044584557324123,0.816983866773498,0.09735204880761152,0.08
$S^10$,10,2,0.5,10,241033,True,0.23202880576968904,0.8454191648559389,0.11390667713934899,0.08653504632928351
$S^10$,10,2,0.5,11,241034,True,0.2014327460267626,0.8345811744442287,0.10530455067271666,0.08320338758934444
$S^10$,10,2,0.5,12,241035,True,0.20762048340894773,0.8332593224191472,0.10530455067271666,0.08
$S^10$,10,2,0.5,13,241036,True,0.1910358550881422,0.8030402952214448,0.09735204880761152,0.08
$S^10$,10,2,0.5,14,241037,True,0.21389400915283108,0.8277950594932737,0.10530455067271666,0.08653504632928351
