label,family,n,k,m,real_dimension,ambient_dimension,chi,kappa_theory,replicate,kappa_numeric,kappa_ratio
$\mathbb{CP}^2$,Complex projective space,3,1,2.0,4,8,3,0.5,0,0.5031781941538809,1.0063563883077618
$\mathbb{CP}^2$,Complex projective space,3,1,2.0,4,8,3,0.5,1,0.5050115304053788,1.0100230608107577
$\mathbb{CP}^2$,Complex projective space,3,1,2.0,4,8,3,0.5,2,0.5024076923991828,1.0048153847983656
$\mathbb{CP}^2$,Complex projective space,3,1,2.0,4,8,3,0.5,3,0.5032730632732532,1.0065461265465063
$\mathbb{CP}^2$,Complex projective space,3,1,2.0,4,8,3,0.5,4,0.49595530476017075,0.9919106095203415
$\mathbb{CP}^2$,Complex projective space,3,1,2.0,4,8,3,0.5,5,0.5061907010537571,1.0123814021075142
$\mathbb{CP}^2$,Complex projective space,3,1,2.0,4,8,3,0.5,6,0.4955939138723927,0.9911878277447854
$\mathbb{CP}^2$,Complex projective space,3,1,2.0,4,8,3,0.5,7,0.5009208047449394,1.0018416094898788
$\mathbb{CP}^2$,Complex projective space,3,1,2.0,4,8,3,0.5,8,0.49327551007882237,0.9865510201576447
$\mathbb{CP}^2$,Complex projective space,3,1,2.0,4,8,3,0.5,9,0.49346007461158536,0.9869201492231707
$\mathbb{CP}^2$,Complex projective space,3,1,2.0,4,8,3,0.5,10,0.5019717946684988,1.0039435893369977
$\mathbb{CP}^2$,Complex projective space,3,1,2.0,4,8,3,0.5,11,0.5003376111980383,1.0006752223960766
$\mathbb{CP}^2$,Complex projective space,3,1,2.0,4,8,3,0.5,12,0.5076038937269945,1.015207787453989
$\mathbb{CP}^2$,Complex projective space,3,1,2.0,4,8,3,0.5,13,0.5070924374024653,1.0141848748049307
$\mathbb{CP}^2$,Complex projective space,3,1,2.0,4,8,3,0.5,14,0.48546182158403994,0.9709236431680799
$\mathbb{CP}^2$,Complex projective space,3,1,2.0,4,8,3,0.5,15,0.4992876232226912,0.9985752464453824
$\mathbb{CP}^2$,Complex projective space,3,1,2.0,4,8,3,0.5,16,0.505706682745628,1.011413365491256
$\mathbb{CP}^2$,Complex projective space,3,1,2.0,4,8,3,0.5,17,0.49203284858252566,0.9840656971650513
$\mathbb{CP}^2$,Complex projective space,3,1,2.0,4,8,3,0.5,18,0.5034163976867327,1.0068327953734655
$\mathbb{CP}^2$,Complex projective space,3,1,2.0,4,8,3,0.5,19,0.5065430590499298,1.0130861180998596
$\mathbb{CP}^2$,Complex projective space,3,1,2.0,4,8,3,0.5,20,0.4984766015963626,0.9969532031927252
$\mathbb{CP}^2$,Complex projective space,3,1,2.0,4,8,3,0.5,21,0.4957696553206826,0.9915393106413652
$\mathbb{CP}^2$,Complex projective space,3,1,2.0,4,8,3,0.5,22,0.4991395037240168,0.9982790074480336
$\mathbb{CP}^2$,Complex projective space,3,1,2.0,4,8,3,0.5,23,0.5001818109364452,1.0003636218728904
$\mathbb{CP}^2$,Complex projective space,3,1,2.0,4,8,3,0.5,24,0.496262211437419,0.992524422874838
$\mathbb{CP}^2$,Complex projective space,3,1,2.0,4,8,3,0.5,25,0.4973309558204878,0.9946619116409756
$\mathbb{CP}^2$,Complex projective space,3,1,2.0,4,8,3,0.5,26,0.5037799218742375,1.007559843748475
$\mathbb{CP}^2$,Complex projective space,3,1,2.0,4,8,3,0.5,27,0.5054590427811851,1.0109180855623703
$\mathbb{CP}^2$,Complex projective space,3,1,2.0,4,8,3,0.5,28,0.49621719255611085,0.9924343851122217
$\mathbb{CP}^2$,Complex projective space,3,1,2.0,4,8,3,0.5,29,0.5096633499540719,1.0193266999081438
$\mathbb{CP}^2$,Complex projective space,3,1,2.0,4,8,3,0.5,30,0.4977103212707109,0.9954206425414218
$\mathbb{CP}^2$,Complex projective space,3,1,2.0,4,8,3,0.5,31,0.5023205259113124,1.0046410518226248
$\mathbb{CP}^2$,Complex projective space,3,1,2.0,4,8,3,0.5,32,0.4936827580085409,0.9873655160170818
$\mathbb{CP}^2$,Complex projective space,3,1,2.0,4,8,3,0.5,33,0.5074918103886286,1.0149836207772571
$\mathbb{CP}^2$,Complex projective space,3,1,2.0,4,8,3,0.5,34,0.5007199555248397,1.0014399110496794
$\mathbb{CP}^2$,Complex projective space,3,1,2.0,4,8,3,0.5,35,0.49809368829061207,0.9961873765812241
$\mathbb{CP}^3$,Complex projective space,4,1,3.0,6,15,4,0.4,0,0.40389989402457294,1.0097497350614322
$\mathbb{CP}^3$,Complex projective space,4,1,3.0,6,15,4,0.4,1,0.39699932701912016,0.9924983175478004
$\mathbb{CP}^3$,Complex projective space,4,1,3.0,6,15,4,0.4,2,0.4001317225257471,1.0003293063143677
$\mathbb{CP}^3$,Complex projective space,4,1,3.0,6,15,4,0.4,3,0.40289840170275293,1.0072460042568823
$\mathbb{CP}^3$,Complex projective space,4,1,3.0,6,15,4,0.4,4,0.40179338400093023,1.0044834600023256
$\mathbb{CP}^3$,Complex projective space,4,1,3.0,6,15,4,0.4,5,0.39806848057063593,0.9951712014265898
$\mathbb{CP}^3$,Complex projective space,4,1,3.0,6,15,4,0.4,6,0.3990125636936792,0.997531409234198
$\mathbb{CP}^3$,Complex projective space,4,1,3.0,6,15,4,0.4,7,0.39956240057120296,0.9989060014280073
$\mathbb{CP}^3$,Complex projective space,4,1,3.0,6,15,4,0.4,8,0.40382851673101455,1.0095712918275364
$\mathbb{CP}^3$,Complex projective space,4,1,3.0,6,15,4,0.4,9,0.3951221347527903,0.9878053368819757
$\mathbb{CP}^3$,Complex projective space,4,1,3.0,6,15,4,0.4,10,0.4049499135075105,1.0123747837687762
$\mathbb{CP}^3$,Complex projective space,4,1,3.0,6,15,4,0.4,11,0.39534289154907054,0.9883572288726763
$\mathbb{CP}^3$,Complex projective space,4,1,3.0,6,15,4,0.4,12,0.39721565791132807,0.9930391447783201
$\mathbb{CP}^3$,Complex projective space,4,1,3.0,6,15,4,0.4,13,0.4043644140357942,1.0109110350894854
$\mathbb{CP}^3$,Complex projective space,4,1,3.0,6,15,4,0.4,14,0.40493637298409046,1.0123409324602262
$\mathbb{CP}^3$,Complex projective space,4,1,3.0,6,15,4,0.4,15,0.40263891886475583,1.0065972971618895
$\mathbb{CP}^3$,Complex projective space,4,1,3.0,6,15,4,0.4,16,0.4001280938628269,1.0003202346570672
$\mathbb{CP}^3$,Complex projective space,4,1,3.0,6,15,4,0.4,17,0.3956219452425066,0.9890548631062664
$\mathbb{CP}^3$,Complex projective space,4,1,3.0,6,15,4,0.4,18,0.39689302909008767,0.9922325727252191
$\mathbb{CP}^3$,Complex projective space,4,1,3.0,6,15,4,0.4,19,0.3986484835996452,0.996621208999113
$\mathbb{CP}^3$,Complex projective space,4,1,3.0,6,15,4,0.4,20,0.39406437511638087,0.9851609377909522
$\mathbb{CP}^3$,Complex projective space,4,1,3.0,6,15,4,0.4,21,0.4011084985641439,1.0027712464103595
$\mathbb{CP}^3$,Complex projective space,4,1,3.0,6,15,4,0.4,22,0.40422355496104023,1.0105588874026006
$\mathbb{CP}^3$,Complex projective space,4,1,3.0,6,15,4,0.4,23,0.39978297216107767,0.9994574304026941
$\mathbb{CP}^3$,Complex projective space,4,1,3.0,6,15,4,0.4,24,0.4017924870653119,1.0044812176632796
$\mathbb{CP}^3$,Complex projective space,4,1,3.0,6,15,4,0.4,25,0.4010273464588239,1.0025683661470597
$\mathbb{CP}^3$,Complex projective space,4,1,3.0,6,15,4,0.4,26,0.3953133451073578,0.9882833627683946
$\mathbb{CP}^3$,Complex projective space,4,1,3.0,6,15,4,0.4,27,0.4038983848472236,1.009745962118059
$\mathbb{CP}^3$,Complex projective space,4,1,3.0,6,15,4,0.4,28,0.4029451816101336,1.007362954025334
$\mathbb{CP}^3$,Complex projective space,4,1,3.0,6,15,4,0.4,29,0.39946100475808644,0.9986525118952161
$\mathbb{CP}^3$,Complex projective space,4,1,3.0,6,15,4,0.4,30,0.3967831119912772,0.9919577799781929
$\mathbb{CP}^3$,Complex projective space,4,1,3.0,6,15,4,0.4,31,0.39911900867752026,0.9977975216938006
$\mathbb{CP}^3$,Complex projective space,4,1,3.0,6,15,4,0.4,32,0.40172087514970933,1.0043021878742733
$\mathbb{CP}^3$,Complex projective space,4,1,3.0,6,15,4,0.4,33,0.39929455508515155,0.9982363877128788
$\mathbb{CP}^3$,Complex projective space,4,1,3.0,6,15,4,0.4,34,0.4013023414242502,1.0032558535606255
$\mathbb{CP}^3$,Complex projective space,4,1,3.0,6,15,4,0.4,35,0.40009651021199855,1.0002412755299963
$\mathbb{CP}^4$,Complex projective space,5,1,4.0,8,24,5,0.3333333333333333,0,0.33624859076667746,1.0087457723000324
$\mathbb{CP}^4$,Complex projective space,5,1,4.0,8,24,5,0.3333333333333333,1,0.3351253748847926,1.005376124654378
$\mathbb{CP}^4$,Complex projective space,5,1,4.0,8,24,5,0.3333333333333333,2,0.33656153093574764,1.009684592807243
$\mathbb{CP}^4$,Complex projective space,5,1,4.0,8,24,5,0.3333333333333333,3,0.33021399159182085,0.9906419747754626
$\mathbb{CP}^4$,Complex projective space,5,1,4.0,8,24,5,0.3333333333333333,4,0.32910601353616975,0.9873180406085093
$\mathbb{CP}^4$,Complex projective space,5,1,4.0,8,24,5,0.3333333333333333,5,0.3317552804398045,0.9952658413194135
$\mathbb{CP}^4$,Complex projective space,5,1,4.0,8,24,5,0.3333333333333333,6,0.3358365437421983,1.007509631226595
$\mathbb{CP}^4$,Complex projective space,5,1,4.0,8,24,5,0.3333333333333333,7,0.3391391902373919,1.0174175707121758
$\mathbb{CP}^4$,Complex projective space,5,1,4.0,8,24,5,0.3333333333333333,8,0.3335939464757622,1.0007818394272867
$\mathbb{CP}^4$,Complex projective space,5,1,4.0,8,24,5,0.3333333333333333,9,0.3228495749665778,0.9685487248997334
$\mathbb{CP}^4$,Complex projective space,5,1,4.0,8,24,5,0.3333333333333333,10,0.33150760815875274,0.9945228244762583
$\mathbb{CP}^4$,Complex projective space,5,1,4.0,8,24,5,0.3333333333333333,11,0.335297631183467,1.005892893550401
$\mathbb{CP}^4$,Complex projective space,5,1,4.0,8,24,5,0.3333333333333333,12,0.32870047662270924,0.9861014298681278
$\mathbb{CP}^4$,Complex projective space,5,1,4.0,8,24,5,0.3333333333333333,13,0.3377292984485442,1.0131878953456328
$\mathbb{CP}^4$,Complex projective space,5,1,4.0,8,24,5,0.3333333333333333,14,0.3336196261924386,1.000858878577316
$\mathbb{CP}^4$,Complex projective space,5,1,4.0,8,24,5,0.3333333333333333,15,0.3336576178181891,1.0009728534545674
$\mathbb{CP}^4$,Complex projective space,5,1,4.0,8,24,5,0.3333333333333333,16,0.334890344950494,1.0046710348514822
$\mathbb{CP}^4$,Complex projective space,5,1,4.0,8,24,5,0.3333333333333333,17,0.32824341709962906,0.9847302512988872
$\mathbb{CP}^4$,Complex projective space,5,1,4.0,8,24,5,0.3333333333333333,18,0.3319487941593879,0.9958463824781637
$\mathbb{CP}^4$,Complex projective space,5,1,4.0,8,24,5,0.3333333333333333,19,0.3365959893359023,1.0097879680077069
$\mathbb{CP}^4$,Complex projective space,5,1,4.0,8,24,5,0.3333333333333333,20,0.3286007563769001,0.9858022691307003
$\mathbb{CP}^4$,Complex projective space,5,1,4.0,8,24,5,0.3333333333333333,21,0.33193153145800186,0.9957945943740056
$\mathbb{CP}^4$,Complex projective space,5,1,4.0,8,24,5,0.3333333333333333,22,0.32985619357983603,0.9895685807395082
$\mathbb{CP}^4$,Complex projective space,5,1,4.0,8,24,5,0.3333333333333333,23,0.3299427512974643,0.9898282538923929
$\mathbb{CP}^4$,Complex projective space,5,1,4.0,8,24,5,0.3333333333333333,24,0.33531762943571825,1.005952888307155
$\mathbb{CP}^4$,Complex projective space,5,1,4.0,8,24,5,0.3333333333333333,25,0.334211105949371,1.002633317848113
$\mathbb{CP}^4$,Complex projective space,5,1,4.0,8,24,5,0.3333333333333333,26,0.3329744343358471,0.9989233030075414
$\mathbb{CP}^4$,Complex projective space,5,1,4.0,8,24,5,0.3333333333333333,27,0.32736681717626614,0.9821004515287984
$\mathbb{CP}^4$,Complex projective space,5,1,4.0,8,24,5,0.3333333333333333,28,0.32986497822183825,0.9895949346655147
$\mathbb{CP}^4$,Complex projective space,5,1,4.0,8,24,5,0.3333333333333333,29,0.33247950343713617,0.9974385103114085
$\mathbb{CP}^4$,Complex projective space,5,1,4.0,8,24,5,0.3333333333333333,30,0.33749071987905144,1.0124721596371544
$\mathbb{CP}^4$,Complex projective space,5,1,4.0,8,24,5,0.3333333333333333,31,0.33673292788042464,1.010198783641274
$\mathbb{CP}^4$,Complex projective space,5,1,4.0,8,24,5,0.3333333333333333,32,0.3344773502991946,1.003432050897584
$\mathbb{CP}^4$,Complex projective space,5,1,4.0,8,24,5,0.3333333333333333,33,0.33386046239024714,1.0015813871707415
$\mathbb{CP}^4$,Complex projective space,5,1,4.0,8,24,5,0.3333333333333333,34,0.3334374137293182,1.0003122411879546
$\mathbb{CP}^4$,Complex projective space,5,1,4.0,8,24,5,0.3333333333333333,35,0.32850681126836057,0.9855204338050817
$\mathbb{CP}^5$,Complex projective space,6,1,5.0,10,35,6,0.2857142857142857,0,0.2856587120815046,0.9998054922852662
$\mathbb{CP}^5$,Complex projective space,6,1,5.0,10,35,6,0.2857142857142857,1,0.2902418089494708,1.015846331323148
$\mathbb{CP}^5$,Complex projective space,6,1,5.0,10,35,6,0.2857142857142857,2,0.288621996402343,1.0101769874082005
$\mathbb{CP}^5$,Complex projective space,6,1,5.0,10,35,6,0.2857142857142857,3,0.2859538383358067,1.0008384341753234
$\mathbb{CP}^5$,Complex projective space,6,1,5.0,10,35,6,0.2857142857142857,4,0.28316776700100255,0.991087184503509
$\mathbb{CP}^5$,Complex projective space,6,1,5.0,10,35,6,0.2857142857142857,5,0.28824898980645774,1.0088714643226022
$\mathbb{CP}^5$,Complex projective space,6,1,5.0,10,35,6,0.2857142857142857,6,0.2851373975968307,0.9979808915889076
$\mathbb{CP}^5$,Complex projective space,6,1,5.0,10,35,6,0.2857142857142857,7,0.29196727922929117,1.0218854773025192
$\mathbb{CP}^5$,Complex projective space,6,1,5.0,10,35,6,0.2857142857142857,8,0.2860817668609539,1.0012861840133387
$\mathbb{CP}^5$,Complex projective space,6,1,5.0,10,35,6,0.2857142857142857,9,0.2843461199153081,0.9952114197035784
$\mathbb{CP}^5$,Complex projective space,6,1,5.0,10,35,6,0.2857142857142857,10,0.2893512477415898,1.0127293670955644
$\mathbb{CP}^5$,Complex projective space,6,1,5.0,10,35,6,0.2857142857142857,11,0.2858647891019661,1.0005267618568814
$\mathbb{CP}^5$,Complex projective space,6,1,5.0,10,35,6,0.2857142857142857,12,0.2835644385996413,0.9924755350987446
$\mathbb{CP}^5$,Complex projective space,6,1,5.0,10,35,6,0.2857142857142857,13,0.2824761142833579,0.9886663999917527
$\mathbb{CP}^5$,Complex projective space,6,1,5.0,10,35,6,0.2857142857142857,14,0.2875716275551408,1.006500696442993
$\mathbb{CP}^5$,Complex projective space,6,1,5.0,10,35,6,0.2857142857142857,15,0.28211139628913184,0.9873898870119615
$\mathbb{CP}^5$,Complex projective space,6,1,5.0,10,35,6,0.2857142857142857,16,0.2854697951450091,0.9991442830075319
$\mathbb{CP}^5$,Complex projective space,6,1,5.0,10,35,6,0.2857142857142857,17,0.28848210110593725,1.0096873538707805
$\mathbb{CP}^5$,Complex projective space,6,1,5.0,10,35,6,0.2857142857142857,18,0.28768238309141514,1.0068883408199532
$\mathbb{CP}^5$,Complex projective space,6,1,5.0,10,35,6,0.2857142857142857,19,0.28940900071602715,1.0129315025060952
$\mathbb{CP}^5$,Complex projective space,6,1,5.0,10,35,6,0.2857142857142857,20,0.2862972867275486,1.0020405035464202
$\mathbb{CP}^5$,Complex projective space,6,1,5.0,10,35,6,0.2857142857142857,21,0.28232988929799496,0.9881546125429824
$\mathbb{CP}^5$,Complex projective space,6,1,5.0,10,35,6,0.2857142857142857,22,0.2889365239995411,1.0112778339983939
$\mathbb{CP}^5$,Complex projective space,6,1,5.0,10,35,6,0.2857142857142857,23,0.28446950630116485,0.995643272054077
$\mathbb{CP}^5$,Complex projective space,6,1,5.0,10,35,6,0.2857142857142857,24,0.2830335304812791,0.9906173566844769
$\mathbb{CP}^5$,Complex projective space,6,1,5.0,10,35,6,0.2857142857142857,25,0.2888143991125224,1.0108503968938285
$\mathbb{CP}^5$,Complex projective space,6,1,5.0,10,35,6,0.2857142857142857,26,0.2864600438477917,1.0026101534672711
$\mathbb{CP}^5$,Complex projective space,6,1,5.0,10,35,6,0.2857142857142857,27,0.2844930926485094,0.995725824269783
$\mathbb{CP}^5$,Complex projective space,6,1,5.0,10,35,6,0.2857142857142857,28,0.2827449820152726,0.9896074370534541
$\mathbb{CP}^5$,Complex projective space,6,1,5.0,10,35,6,0.2857142857142857,29,0.28363793446331614,0.9927327706216066
$\mathbb{CP}^5$,Complex projective space,6,1,5.0,10,35,6,0.2857142857142857,30,0.28728059740114803,1.005482090904018
$\mathbb{CP}^5$,Complex projective space,6,1,5.0,10,35,6,0.2857142857142857,31,0.28114970436600684,0.984023965281024
$\mathbb{CP}^5$,Complex projective space,6,1,5.0,10,35,6,0.2857142857142857,32,0.28045402780969475,0.9815890973339316
$\mathbb{CP}^5$,Complex projective space,6,1,5.0,10,35,6,0.2857142857142857,33,0.2850932659294843,0.9978264307531951
$\mathbb{CP}^5$,Complex projective space,6,1,5.0,10,35,6,0.2857142857142857,34,0.28226581494028474,0.9879303522909967
$\mathbb{CP}^5$,Complex projective space,6,1,5.0,10,35,6,0.2857142857142857,35,0.2860912016633761,1.0013192058218163
$\mathbb{CP}^6$,Complex projective space,7,1,6.0,12,48,7,0.25,0,0.24746801008145292,0.9898720403258117
$\mathbb{CP}^6$,Complex projective space,7,1,6.0,12,48,7,0.25,1,0.2504440594036014,1.0017762376144057
$\mathbb{CP}^6$,Complex projective space,7,1,6.0,12,48,7,0.25,2,0.24845266190267412,0.9938106476106965
$\mathbb{CP}^6$,Complex projective space,7,1,6.0,12,48,7,0.25,3,0.25107969906346905,1.0043187962538762
$\mathbb{CP}^6$,Complex projective space,7,1,6.0,12,48,7,0.25,4,0.2517063116171824,1.0068252464687295
$\mathbb{CP}^6$,Complex projective space,7,1,6.0,12,48,7,0.25,5,0.25016559311484154,1.0006623724593662
$\mathbb{CP}^6$,Complex projective space,7,1,6.0,12,48,7,0.25,6,0.24953909193581586,0.9981563677432634
$\mathbb{CP}^6$,Complex projective space,7,1,6.0,12,48,7,0.25,7,0.2483529441948497,0.9934117767793988
$\mathbb{CP}^6$,Complex projective space,7,1,6.0,12,48,7,0.25,8,0.2533253015195401,1.0133012060781603
$\mathbb{CP}^6$,Complex projective space,7,1,6.0,12,48,7,0.25,9,0.24782245255776528,0.9912898102310611
$\mathbb{CP}^6$,Complex projective space,7,1,6.0,12,48,7,0.25,10,0.24877032759943896,0.9950813103977558
$\mathbb{CP}^6$,Complex projective space,7,1,6.0,12,48,7,0.25,11,0.2501673382406796,1.0006693529627184
$\mathbb{CP}^6$,Complex projective space,7,1,6.0,12,48,7,0.25,12,0.24824046170599676,0.992961846823987
$\mathbb{CP}^6$,Complex projective space,7,1,6.0,12,48,7,0.25,13,0.24815069880069718,0.9926027952027887
$\mathbb{CP}^6$,Complex projective space,7,1,6.0,12,48,7,0.25,14,0.24835039363142322,0.9934015745256929
$\mathbb{CP}^6$,Complex projective space,7,1,6.0,12,48,7,0.25,15,0.24919972633363907,0.9967989053345563
$\mathbb{CP}^6$,Complex projective space,7,1,6.0,12,48,7,0.25,16,0.24885614108501425,0.995424564340057
$\mathbb{CP}^6$,Complex projective space,7,1,6.0,12,48,7,0.25,17,0.24981186745424638,0.9992474698169855
$\mathbb{CP}^6$,Complex projective space,7,1,6.0,12,48,7,0.25,18,0.2522090014756351,1.0088360059025403
$\mathbb{CP}^6$,Complex projective space,7,1,6.0,12,48,7,0.25,19,0.25087266926161766,1.0034906770464707
$\mathbb{CP}^6$,Complex projective space,7,1,6.0,12,48,7,0.25,20,0.2523429430746368,1.0093717722985471
$\mathbb{CP}^6$,Complex projective space,7,1,6.0,12,48,7,0.25,21,0.2478408865710479,0.9913635462841917
$\mathbb{CP}^6$,Complex projective space,7,1,6.0,12,48,7,0.25,22,0.24867403492967022,0.9946961397186809
$\mathbb{CP}^6$,Complex projective space,7,1,6.0,12,48,7,0.25,23,0.24719560742105925,0.988782429684237
$\mathbb{CP}^6$,Complex projective space,7,1,6.0,12,48,7,0.25,24,0.25259315737092236,1.0103726294836894
$\mathbb{CP}^6$,Complex projective space,7,1,6.0,12,48,7,0.25,25,0.2507241587119518,1.0028966348478072
$\mathbb{CP}^6$,Complex projective space,7,1,6.0,12,48,7,0.25,26,0.2505134751314373,1.0020539005257492
$\mathbb{CP}^6$,Complex projective space,7,1,6.0,12,48,7,0.25,27,0.25033860532002106,1.0013544212800842
$\mathbb{CP}^6$,Complex projective space,7,1,6.0,12,48,7,0.25,28,0.2506613572198004,1.0026454288792015
$\mathbb{CP}^6$,Complex projective space,7,1,6.0,12,48,7,0.25,29,0.2508718768344498,1.0034875073377991
$\mathbb{CP}^6$,Complex projective space,7,1,6.0,12,48,7,0.25,30,0.24823102549987391,0.9929241019994957
$\mathbb{CP}^6$,Complex projective space,7,1,6.0,12,48,7,0.25,31,0.25053000616697996,1.0021200246679198
$\mathbb{CP}^6$,Complex projective space,7,1,6.0,12,48,7,0.25,32,0.2509130521453634,1.0036522085814537
$\mathbb{CP}^6$,Complex projective space,7,1,6.0,12,48,7,0.25,33,0.25091872926948594,1.0036749170779438
$\mathbb{CP}^6$,Complex projective space,7,1,6.0,12,48,7,0.25,34,0.24960656061647846,0.9984262424659138
$\mathbb{CP}^6$,Complex projective space,7,1,6.0,12,48,7,0.25,35,0.2496650391484458,0.9986601565937832
$\mathbb{CP}^7$,Complex projective space,8,1,7.0,14,63,8,0.2222222222222222,0,0.22342742780388572,1.0054234251174858
$\mathbb{CP}^7$,Complex projective space,8,1,7.0,14,63,8,0.2222222222222222,1,0.22123394277955236,0.9955527425079856
$\mathbb{CP}^7$,Complex projective space,8,1,7.0,14,63,8,0.2222222222222222,2,0.22213739323041998,0.9996182695368899
$\mathbb{CP}^7$,Complex projective space,8,1,7.0,14,63,8,0.2222222222222222,3,0.22241969155690128,1.0008886120060558
$\mathbb{CP}^7$,Complex projective space,8,1,7.0,14,63,8,0.2222222222222222,4,0.22023073744336047,0.9910383184951221
$\mathbb{CP}^7$,Complex projective space,8,1,7.0,14,63,8,0.2222222222222222,5,0.22129824207707488,0.995842089346837
$\mathbb{CP}^7$,Complex projective space,8,1,7.0,14,63,8,0.2222222222222222,6,0.22124112616301297,0.9955850677335585
$\mathbb{CP}^7$,Complex projective space,8,1,7.0,14,63,8,0.2222222222222222,7,0.22271932435727043,1.002236959607717
$\mathbb{CP}^7$,Complex projective space,8,1,7.0,14,63,8,0.2222222222222222,8,0.22094240611255145,0.9942408275064816
$\mathbb{CP}^7$,Complex projective space,8,1,7.0,14,63,8,0.2222222222222222,9,0.22151475359579176,0.9968163911810629
$\mathbb{CP}^7$,Complex projective space,8,1,7.0,14,63,8,0.2222222222222222,10,0.22411624316425285,1.0085230942391379
$\mathbb{CP}^7$,Complex projective space,8,1,7.0,14,63,8,0.2222222222222222,11,0.22108140576535185,0.9948663259440833
$\mathbb{CP}^7$,Complex projective space,8,1,7.0,14,63,8,0.2222222222222222,12,0.221391142381643,0.9962601407173935
$\mathbb{CP}^7$,Complex projective space,8,1,7.0,14,63,8,0.2222222222222222,13,0.22277078141511725,1.0024685163680276
$\mathbb{CP}^7$,Complex projective space,8,1,7.0,14,63,8,0.2222222222222222,14,0.2217802631291877,0.9980111840813447
$\mathbb{CP}^7$,Complex projective space,8,1,7.0,14,63,8,0.2222222222222222,15,0.22386976236881861,1.0074139306596839
$\mathbb{CP}^7$,Complex projective space,8,1,7.0,14,63,8,0.2222222222222222,16,0.22127212096460533,0.995724544340724
$\mathbb{CP}^7$,Complex projective space,8,1,7.0,14,63,8,0.2222222222222222,17,0.22535653402299752,1.014104403103489
$\mathbb{CP}^7$,Complex projective space,8,1,7.0,14,63,8,0.2222222222222222,18,0.22055241527847674,0.9924858687531454
$\mathbb{CP}^7$,Complex projective space,8,1,7.0,14,63,8,0.2222222222222222,19,0.2218262738406362,0.9982182322828629
$\mathbb{CP}^7$,Complex projective space,8,1,7.0,14,63,8,0.2222222222222222,20,0.22293933155201062,1.003226991984048
$\mathbb{CP}^7$,Complex projective space,8,1,7.0,14,63,8,0.2222222222222222,21,0.21982172980267736,0.9891977841120482
$\mathbb{CP}^7$,Complex projective space,8,1,7.0,14,63,8,0.2222222222222222,22,0.22065005794786768,0.9929252607654047
$\mathbb{CP}^7$,Complex projective space,8,1,7.0,14,63,8,0.2222222222222222,23,0.22215659873726007,0.9997046943176704
$\mathbb{CP}^7$,Complex projective space,8,1,7.0,14,63,8,0.2222222222222222,24,0.22324245396211012,1.0045910428294955
$\mathbb{CP}^7$,Complex projective space,8,1,7.0,14,63,8,0.2222222222222222,25,0.21983609881574365,0.9892624446708465
$\mathbb{CP}^7$,Complex projective space,8,1,7.0,14,63,8,0.2222222222222222,26,0.22270642349663067,1.002178905734838
$\mathbb{CP}^7$,Complex projective space,8,1,7.0,14,63,8,0.2222222222222222,27,0.22166447135575518,0.9974901211008983
$\mathbb{CP}^7$,Complex projective space,8,1,7.0,14,63,8,0.2222222222222222,28,0.22150031773487522,0.9967514298069385
$\mathbb{CP}^7$,Complex projective space,8,1,7.0,14,63,8,0.2222222222222222,29,0.218994705817587,0.9854761761791416
$\mathbb{CP}^7$,Complex projective space,8,1,7.0,14,63,8,0.2222222222222222,30,0.2211680139276488,0.9952560626744196
$\mathbb{CP}^7$,Complex projective space,8,1,7.0,14,63,8,0.2222222222222222,31,0.22317547883626673,1.0042896547632003
$\mathbb{CP}^7$,Complex projective space,8,1,7.0,14,63,8,0.2222222222222222,32,0.2236231539334826,1.0063041927006717
$\mathbb{CP}^7$,Complex projective space,8,1,7.0,14,63,8,0.2222222222222222,33,0.22472721163597678,1.0112724523618957
$\mathbb{CP}^7$,Complex projective space,8,1,7.0,14,63,8,0.2222222222222222,34,0.22076276427487546,0.9934324392369396
$\mathbb{CP}^7$,Complex projective space,8,1,7.0,14,63,8,0.2222222222222222,35,0.22195807187085498,0.9988113234188475
$\mathrm{Gr}_{2}(\mathbb{C}^{4})$,Complex Grassmannian,4,2,,8,15,6,0.5333333333333333,0,0.5315512137379137,0.9966585257585882
$\mathrm{Gr}_{2}(\mathbb{C}^{4})$,Complex Grassmannian,4,2,,8,15,6,0.5333333333333333,1,0.5385140934462187,1.00971392521166
$\mathrm{Gr}_{2}(\mathbb{C}^{4})$,Complex Grassmannian,4,2,,8,15,6,0.5333333333333333,2,0.5373611792809556,1.0075522111517918
$\mathrm{Gr}_{2}(\mathbb{C}^{4})$,Complex Grassmannian,4,2,,8,15,6,0.5333333333333333,3,0.5340765971033463,1.0013936195687743
$\mathrm{Gr}_{2}(\mathbb{C}^{4})$,Complex Grassmannian,4,2,,8,15,6,0.5333333333333333,4,0.5357879026946635,1.004602317552494
$\mathrm{Gr}_{2}(\mathbb{C}^{4})$,Complex Grassmannian,4,2,,8,15,6,0.5333333333333333,5,0.5283935655145169,0.9907379353397192
$\mathrm{Gr}_{2}(\mathbb{C}^{4})$,Complex Grassmannian,4,2,,8,15,6,0.5333333333333333,6,0.5324411614818353,0.9983271777784412
$\mathrm{Gr}_{2}(\mathbb{C}^{4})$,Complex Grassmannian,4,2,,8,15,6,0.5333333333333333,7,0.5317356543103995,0.9970043518319991
$\mathrm{Gr}_{2}(\mathbb{C}^{4})$,Complex Grassmannian,4,2,,8,15,6,0.5333333333333333,8,0.532618106474452,0.9986589496395974
$\mathrm{Gr}_{2}(\mathbb{C}^{4})$,Complex Grassmannian,4,2,,8,15,6,0.5333333333333333,9,0.5339238674179989,1.001107251408748
$\mathrm{Gr}_{2}(\mathbb{C}^{4})$,Complex Grassmannian,4,2,,8,15,6,0.5333333333333333,10,0.5309132184895778,0.9954622846679585
$\mathrm{Gr}_{2}(\mathbb{C}^{4})$,Complex Grassmannian,4,2,,8,15,6,0.5333333333333333,11,0.5350790930257876,1.0032732994233517
$\mathrm{Gr}_{2}(\mathbb{C}^{4})$,Complex Grassmannian,4,2,,8,15,6,0.5333333333333333,12,0.5353654800172112,1.003810275032271
$\mathrm{Gr}_{2}(\mathbb{C}^{4})$,Complex Grassmannian,4,2,,8,15,6,0.5333333333333333,13,0.5262565078784063,0.9867309522720118
$\mathrm{Gr}_{2}(\mathbb{C}^{4})$,Complex Grassmannian,4,2,,8,15,6,0.5333333333333333,14,0.5334381824155386,1.000196592029135
$\mathrm{Gr}_{2}(\mathbb{C}^{4})$,Complex Grassmannian,4,2,,8,15,6,0.5333333333333333,15,0.5389574615301007,1.0105452403689388
$\mathrm{Gr}_{2}(\mathbb{C}^{4})$,Complex Grassmannian,4,2,,8,15,6,0.5333333333333333,16,0.5316789335317369,0.9968980003720067
$\mathrm{Gr}_{2}(\mathbb{C}^{4})$,Complex Grassmannian,4,2,,8,15,6,0.5333333333333333,17,0.5305453343867368,0.9947725019751315
$\mathrm{Gr}_{2}(\mathbb{C}^{4})$,Complex Grassmannian,4,2,,8,15,6,0.5333333333333333,18,0.5401211384862685,1.0127271346617535
$\mathrm{Gr}_{2}(\mathbb{C}^{4})$,Complex Grassmannian,4,2,,8,15,6,0.5333333333333333,19,0.5320272294553184,0.9975510552287221
$\mathrm{Gr}_{2}(\mathbb{C}^{4})$,Complex Grassmannian,4,2,,8,15,6,0.5333333333333333,20,0.5309543522168154,0.9955394104065289
$\mathrm{Gr}_{2}(\mathbb{C}^{4})$,Complex Grassmannian,4,2,,8,15,6,0.5333333333333333,21,0.5421432723666538,1.016518635687476
$\mathrm{Gr}_{2}(\mathbb{C}^{4})$,Complex Grassmannian,4,2,,8,15,6,0.5333333333333333,22,0.5273695151525514,0.9888178409110339
$\mathrm{Gr}_{2}(\mathbb{C}^{4})$,Complex Grassmannian,4,2,,8,15,6,0.5333333333333333,23,0.5348967438726286,1.0029313947611787
$\mathrm{Gr}_{2}(\mathbb{C}^{4})$,Complex Grassmannian,4,2,,8,15,6,0.5333333333333333,24,0.5319372361652706,0.9973823178098823
$\mathrm{Gr}_{2}(\mathbb{C}^{4})$,Complex Grassmannian,4,2,,8,15,6,0.5333333333333333,25,0.5359929425189278,1.0049867672229897
$\mathrm{Gr}_{2}(\mathbb{C}^{4})$,Complex Grassmannian,4,2,,8,15,6,0.5333333333333333,26,0.5253424909459863,0.9850171705237243
$\mathrm{Gr}_{2}(\mathbb{C}^{4})$,Complex Grassmannian,4,2,,8,15,6,0.5333333333333333,27,0.5320058929420473,0.9975110492663386
$\mathrm{Gr}_{2}(\mathbb{C}^{4})$,Complex Grassmannian,4,2,,8,15,6,0.5333333333333333,28,0.5318991438446681,0.9973108947087527
$\mathrm{Gr}_{2}(\mathbb{C}^{4})$,Complex Grassmannian,4,2,,8,15,6,0.5333333333333333,29,0.527976933423113,0.989956750168337
$\mathrm{Gr}_{2}(\mathbb{C}^{4})$,Complex Grassmannian,4,2,,8,15,6,0.5333333333333333,30,0.5332372043977702,0.9998197582458191
$\mathrm{Gr}_{2}(\mathbb{C}^{4})$,Complex Grassmannian,4,2,,8,15,6,0.5333333333333333,31,0.5427708776702242,1.0176953956316706
$\mathrm{Gr}_{2}(\mathbb{C}^{4})$,Complex Grassmannian,4,2,,8,15,6,0.5333333333333333,32,0.5271493434806507,0.98840501902622
$\mathrm{Gr}_{2}(\mathbb{C}^{4})$,Complex Grassmannian,4,2,,8,15,6,0.5333333333333333,33,0.5389048263343954,1.0104465493769914
$\mathrm{Gr}_{2}(\mathbb{C}^{4})$,Complex Grassmannian,4,2,,8,15,6,0.5333333333333333,34,0.533644213075254,1.0005828995161012
$\mathrm{Gr}_{2}(\mathbb{C}^{4})$,Complex Grassmannian,4,2,,8,15,6,0.5333333333333333,35,0.5348204185930522,1.002788284861973
$\mathrm{Gr}_{2}(\mathbb{C}^{5})$,Complex Grassmannian,5,2,,12,24,10,0.5,0,0.49841180168549626,0.9968236033709925
$\mathrm{Gr}_{2}(\mathbb{C}^{5})$,Complex Grassmannian,5,2,,12,24,10,0.5,1,0.5047416253303538,1.0094832506607077
$\mathrm{Gr}_{2}(\mathbb{C}^{5})$,Complex Grassmannian,5,2,,12,24,10,0.5,2,0.4974318743378726,0.9948637486757452
$\mathrm{Gr}_{2}(\mathbb{C}^{5})$,Complex Grassmannian,5,2,,12,24,10,0.5,3,0.5035598563212058,1.0071197126424116
$\mathrm{Gr}_{2}(\mathbb{C}^{5})$,Complex Grassmannian,5,2,,12,24,10,0.5,4,0.5007247114873089,1.0014494229746178
$\mathrm{Gr}_{2}(\mathbb{C}^{5})$,Complex Grassmannian,5,2,,12,24,10,0.5,5,0.5006374313098989,1.0012748626197978
$\mathrm{Gr}_{2}(\mathbb{C}^{5})$,Complex Grassmannian,5,2,,12,24,10,0.5,6,0.5034080007229748,1.0068160014459495
$\mathrm{Gr}_{2}(\mathbb{C}^{5})$,Complex Grassmannian,5,2,,12,24,10,0.5,7,0.4987557030144891,0.9975114060289783
$\mathrm{Gr}_{2}(\mathbb{C}^{5})$,Complex Grassmannian,5,2,,12,24,10,0.5,8,0.4983241997101916,0.9966483994203832
$\mathrm{Gr}_{2}(\mathbb{C}^{5})$,Complex Grassmannian,5,2,,12,24,10,0.5,9,0.5047371896151256,1.0094743792302512
$\mathrm{Gr}_{2}(\mathbb{C}^{5})$,Complex Grassmannian,5,2,,12,24,10,0.5,10,0.49264198053178665,0.9852839610635733
$\mathrm{Gr}_{2}(\mathbb{C}^{5})$,Complex Grassmannian,5,2,,12,24,10,0.5,11,0.5054780156531224,1.010956031306245
$\mathrm{Gr}_{2}(\mathbb{C}^{5})$,Complex Grassmannian,5,2,,12,24,10,0.5,12,0.5001715683161332,1.0003431366322664
$\mathrm{Gr}_{2}(\mathbb{C}^{5})$,Complex Grassmannian,5,2,,12,24,10,0.5,13,0.5016876571230227,1.0033753142460453
$\mathrm{Gr}_{2}(\mathbb{C}^{5})$,Complex Grassmannian,5,2,,12,24,10,0.5,14,0.5026626569347664,1.0053253138695328
$\mathrm{Gr}_{2}(\mathbb{C}^{5})$,Complex Grassmannian,5,2,,12,24,10,0.5,15,0.4975027731814208,0.9950055463628416
$\mathrm{Gr}_{2}(\mathbb{C}^{5})$,Complex Grassmannian,5,2,,12,24,10,0.5,16,0.5000166610052171,1.0000333220104343
$\mathrm{Gr}_{2}(\mathbb{C}^{5})$,Complex Grassmannian,5,2,,12,24,10,0.5,17,0.5045523245860835,1.009104649172167
$\mathrm{Gr}_{2}(\mathbb{C}^{5})$,Complex Grassmannian,5,2,,12,24,10,0.5,18,0.49930078130773997,0.9986015626154799
$\mathrm{Gr}_{2}(\mathbb{C}^{5})$,Complex Grassmannian,5,2,,12,24,10,0.5,19,0.499018416404881,0.998036832809762
$\mathrm{Gr}_{2}(\mathbb{C}^{5})$,Complex Grassmannian,5,2,,12,24,10,0.5,20,0.5069844209599419,1.0139688419198838
$\mathrm{Gr}_{2}(\mathbb{C}^{5})$,Complex Grassmannian,5,2,,12,24,10,0.5,21,0.49902943895446517,0.9980588779089303
$\mathrm{Gr}_{2}(\mathbb{C}^{5})$,Complex Grassmannian,5,2,,12,24,10,0.5,22,0.4998182290256106,0.9996364580512213
$\mathrm{Gr}_{2}(\mathbb{C}^{5})$,Complex Grassmannian,5,2,,12,24,10,0.5,23,0.5041690854472995,1.008338170894599
$\mathrm{Gr}_{2}(\mathbb{C}^{5})$,Complex Grassmannian,5,2,,12,24,10,0.5,24,0.5028073383702621,1.0056146767405243
$\mathrm{Gr}_{2}(\mathbb{C}^{5})$,Complex Grassmannian,5,2,,12,24,10,0.5,25,0.5032126799657661,1.0064253599315323
$\mathrm{Gr}_{2}(\mathbb{C}^{5})$,Complex Grassmannian,5,2,,12,24,10,0.5,26,0.497968509280853,0.995937018561706
$\mathrm{Gr}_{2}(\mathbb{C}^{5})$,Complex Grassmannian,5,2,,12,24,10,0.5,27,0.49926941569135597,0.9985388313827119
$\mathrm{Gr}_{2}(\mathbb{C}^{5})$,Complex Grassmannian,5,2,,12,24,10,0.5,28,0.49729958620663645,0.9945991724132729
$\mathrm{Gr}_{2}(\mathbb{C}^{5})$,Complex Grassmannian,5,2,,12,24,10,0.5,29,0.49592390546194953,0.9918478109238991
$\mathrm{Gr}_{2}(\mathbb{C}^{5})$,Complex Grassmannian,5,2,,12,24,10,0.5,30,0.49822793258386544,0.9964558651677309
$\mathrm{Gr}_{2}(\mathbb{C}^{5})$,Complex Grassmannian,5,2,,12,24,10,0.5,31,0.5025026847803316,1.005005369560663
$\mathrm{Gr}_{2}(\mathbb{C}^{5})$,Complex Grassmannian,5,2,,12,24,10,0.5,32,0.4977534310374346,0.9955068620748692
$\mathrm{Gr}_{2}(\mathbb{C}^{5})$,Complex Grassmannian,5,2,,12,24,10,0.5,33,0.5031894305684745,1.006378861136949
$\mathrm{Gr}_{2}(\mathbb{C}^{5})$,Complex Grassmannian,5,2,,12,24,10,0.5,34,0.4969748211384202,0.9939496422768404
$\mathrm{Gr}_{2}(\mathbb{C}^{5})$,Complex Grassmannian,5,2,,12,24,10,0.5,35,0.4973451084413841,0.9946902168827682
$\mathrm{Gr}_{2}(\mathbb{C}^{6})$,Complex Grassmannian,6,2,,16,35,15,0.45714285714285713,0,0.45728838691888485,1.0003183463850607
$\mathrm{Gr}_{2}(\mathbb{C}^{6})$,Complex Grassmannian,6,2,,16,35,15,0.45714285714285713,1,0.4584823865514518,1.0029302205813009
$\mathrm{Gr}_{2}(\mathbb{C}^{6})$,Complex Grassmannian,6,2,,16,35,15,0.45714285714285713,2,0.4500892409658669,0.9845702146128339
$\mathrm{Gr}_{2}(\mathbb{C}^{6})$,Complex Grassmannian,6,2,,16,35,15,0.45714285714285713,3,0.456934399024882,0.9995439978669294
$\mathrm{Gr}_{2}(\mathbb{C}^{6})$,Complex Grassmannian,6,2,,16,35,15,0.45714285714285713,4,0.4608583832802075,1.008127713425454
$\mathrm{Gr}_{2}(\mathbb{C}^{6})$,Complex Grassmannian,6,2,,16,35,15,0.45714285714285713,5,0.4605433256394821,1.007438524836367
$\mathrm{Gr}_{2}(\mathbb{C}^{6})$,Complex Grassmannian,6,2,,16,35,15,0.45714285714285713,6,0.4611673019875849,1.008803473097842
$\mathrm{Gr}_{2}(\mathbb{C}^{6})$,Complex Grassmannian,6,2,,16,35,15,0.45714285714285713,7,0.4556020089111647,0.9966293944931728
$\mathrm{Gr}_{2}(\mathbb{C}^{6})$,Complex Grassmannian,6,2,,16,35,15,0.45714285714285713,8,0.45565404801539444,0.9967432300336754
$\mathrm{Gr}_{2}(\mathbb{C}^{6})$,Complex Grassmannian,6,2,,16,35,15,0.45714285714285713,9,0.4588920425867812,1.0038263431585839
$\mathrm{Gr}_{2}(\mathbb{C}^{6})$,Complex Grassmannian,6,2,,16,35,15,0.45714285714285713,10,0.4571234642270535,0.9999575779966796
$\mathrm{Gr}_{2}(\mathbb{C}^{6})$,Complex Grassmannian,6,2,,16,35,15,0.45714285714285713,11,0.46255532958596735,1.0118397834693036
$\mathrm{Gr}_{2}(\mathbb{C}^{6})$,Complex Grassmannian,6,2,,16,35,15,0.45714285714285713,12,0.45791470933530914,1.001688426670989
$\mathrm{Gr}_{2}(\mathbb{C}^{6})$,Complex Grassmannian,6,2,,16,35,15,0.45714285714285713,13,0.4561729549846815,0.9978783390289908
$\mathrm{Gr}_{2}(\mathbb{C}^{6})$,Complex Grassmannian,6,2,,16,35,15,0.45714285714285713,14,0.45614492998702627,0.99781703434662
$\mathrm{Gr}_{2}(\mathbb{C}^{6})$,Complex Grassmannian,6,2,,16,35,15,0.45714285714285713,15,0.45741021126380277,1.0005848371395687
$\mathrm{Gr}_{2}(\mathbb{C}^{6})$,Complex Grassmannian,6,2,,16,35,15,0.45714285714285713,16,0.45841770814893246,1.0027887365757897
$\mathrm{Gr}_{2}(\mathbb{C}^{6})$,Complex Grassmannian,6,2,,16,35,15,0.45714285714285713,17,0.4598512439240371,1.0059245960838312
$\mathrm{Gr}_{2}(\mathbb{C}^{6})$,Complex Grassmannian,6,2,,16,35,15,0.45714285714285713,18,0.4569340483847358,0.9995432308416096
$\mathrm{Gr}_{2}(\mathbb{C}^{6})$,Complex Grassmannian,6,2,,16,35,15,0.45714285714285713,19,0.4544222692969835,0.9940487140871515
$\mathrm{Gr}_{2}(\mathbb{C}^{6})$,Complex Grassmannian,6,2,,16,35,15,0.45714285714285713,20,0.4558161350749945,0.9970977954765505
$\mathrm{Gr}_{2}(\mathbb{C}^{6})$,Complex Grassmannian,6,2,,16,35,15,0.45714285714285713,21,0.45931677896280276,1.004755453981131
$\mathrm{Gr}_{2}(\mathbb{C}^{6})$,Complex Grassmannian,6,2,,16,35,15,0.45714285714285713,22,0.4575364558855831,1.0008609972497131
$\mathrm{Gr}_{2}(\mathbb{C}^{6})$,Complex Grassmannian,6,2,,16,35,15,0.45714285714285713,23,0.46240085382415963,1.0115018677403491
$\mathrm{Gr}_{2}(\mathbb{C}^{6})$,Complex Grassmannian,6,2,,16,35,15,0.45714285714285713,24,0.4562600695041436,0.9980689020403142
$\mathrm{Gr}_{2}(\mathbb{C}^{6})$,Complex Grassmannian,6,2,,16,35,15,0.45714285714285713,25,0.46110570808354867,1.0086687364327627
$\mathrm{Gr}_{2}(\mathbb{C}^{6})$,Complex Grassmannian,6,2,,16,35,15,0.45714285714285713,26,0.4503509302836244,0.9851426599954284
$\mathrm{Gr}_{2}(\mathbb{C}^{6})$,Complex Grassmannian,6,2,,16,35,15,0.45714285714285713,27,0.45685344166523234,0.9993669036426958
$\mathrm{Gr}_{2}(\mathbb{C}^{6})$,Complex Grassmannian,6,2,,16,35,15,0.45714285714285713,28,0.45645267635086806,0.9984902295175239
$\mathrm{Gr}_{2}(\mathbb{C}^{6})$,Complex Grassmannian,6,2,,16,35,15,0.45714285714285713,29,0.45402129570353933,0.9931715843514923
$\mathrm{Gr}_{2}(\mathbb{C}^{6})$,Complex Grassmannian,6,2,,16,35,15,0.45714285714285713,30,0.4591032900555405,1.004288446996495
$\mathrm{Gr}_{2}(\mathbb{C}^{6})$,Complex Grassmannian,6,2,,16,35,15,0.45714285714285713,31,0.4562002918191749,0.9979381383544451
$\mathrm{Gr}_{2}(\mathbb{C}^{6})$,Complex Grassmannian,6,2,,16,35,15,0.45714285714285713,32,0.45948399767500325,1.0051212449140696
$\mathrm{Gr}_{2}(\mathbb{C}^{6})$,Complex Grassmannian,6,2,,16,35,15,0.45714285714285713,33,0.4542397376351478,0.9936494260768859
$\mathrm{Gr}_{2}(\mathbb{C}^{6})$,Complex Grassmannian,6,2,,16,35,15,0.45714285714285713,34,0.45699319845590103,0.9996726216222835
$\mathrm{Gr}_{2}(\mathbb{C}^{6})$,Complex Grassmannian,6,2,,16,35,15,0.45714285714285713,35,0.45324214822194886,0.9914671992355132
$\mathrm{Gr}_{2}(\mathbb{C}^{7})$,Complex Grassmannian,7,2,,20,48,21,0.4166666666666667,0,0.4183507085638146,1.004041700553155
$\mathrm{Gr}_{2}(\mathbb{C}^{7})$,Complex Grassmannian,7,2,,20,48,21,0.4166666666666667,1,0.4192493709380436,1.0061984902513046
$\mathrm{Gr}_{2}(\mathbb{C}^{7})$,Complex Grassmannian,7,2,,20,48,21,0.4166666666666667,2,0.4200981494480863,1.008235558675407
$\mathrm{Gr}_{2}(\mathbb{C}^{7})$,Complex Grassmannian,7,2,,20,48,21,0.4166666666666667,3,0.4147193490644141,0.9953264377545938
$\mathrm{Gr}_{2}(\mathbb{C}^{7})$,Complex Grassmannian,7,2,,20,48,21,0.4166666666666667,4,0.4150192195085759,0.9960461268205821
$\mathrm{Gr}_{2}(\mathbb{C}^{7})$,Complex Grassmannian,7,2,,20,48,21,0.4166666666666667,5,0.4181719824257131,1.0036127578217113
$\mathrm{Gr}_{2}(\mathbb{C}^{7})$,Complex Grassmannian,7,2,,20,48,21,0.4166666666666667,6,0.41732914553929645,1.0015899492943114
$\mathrm{Gr}_{2}(\mathbb{C}^{7})$,Complex Grassmannian,7,2,,20,48,21,0.4166666666666667,7,0.41475333083091215,0.9954079939941891
$\mathrm{Gr}_{2}(\mathbb{C}^{7})$,Complex Grassmannian,7,2,,20,48,21,0.4166666666666667,8,0.421871838562906,1.0124924125509744
$\mathrm{Gr}_{2}(\mathbb{C}^{7})$,Complex Grassmannian,7,2,,20,48,21,0.4166666666666667,9,0.42060337817888116,1.0094481076293147
$\mathrm{Gr}_{2}(\mathbb{C}^{7})$,Complex Grassmannian,7,2,,20,48,21,0.4166666666666667,10,0.4155436808683813,0.9973048340841151
$\mathrm{Gr}_{2}(\mathbb{C}^{7})$,Complex Grassmannian,7,2,,20,48,21,0.4166666666666667,11,0.4164136366820861,0.9993927280370065
$\mathrm{Gr}_{2}(\mathbb{C}^{7})$,Complex Grassmannian,7,2,,20,48,21,0.4166666666666667,12,0.4133546044812833,0.9920510507550799
$\mathrm{Gr}_{2}(\mathbb{C}^{7})$,Complex Grassmannian,7,2,,20,48,21,0.4166666666666667,13,0.4197520971817708,1.0074050332362499
$\mathrm{Gr}_{2}(\mathbb{C}^{7})$,Complex Grassmannian,7,2,,20,48,21,0.4166666666666667,14,0.41734575239010246,1.0016298057362458
$\mathrm{Gr}_{2}(\mathbb{C}^{7})$,Complex Grassmannian,7,2,,20,48,21,0.4166666666666667,15,0.41588927079271343,0.9981342499025122
$\mathrm{Gr}_{2}(\mathbb{C}^{7})$,Complex Grassmannian,7,2,,20,48,21,0.4166666666666667,16,0.41615645350886,0.998775488421264
$\mathrm{Gr}_{2}(\mathbb{C}^{7})$,Complex Grassmannian,7,2,,20,48,21,0.4166666666666667,17,0.4149143364807444,0.9957944075537865
$\mathrm{Gr}_{2}(\mathbb{C}^{7})$,Complex Grassmannian,7,2,,20,48,21,0.4166666666666667,18,0.4194863794730739,1.0067673107353772
$\mathrm{Gr}_{2}(\mathbb{C}^{7})$,Complex Grassmannian,7,2,,20,48,21,0.4166666666666667,19,0.4192679432774943,1.0062430638659863
$\mathrm{Gr}_{2}(\mathbb{C}^{7})$,Complex Grassmannian,7,2,,20,48,21,0.4166666666666667,20,0.41753417442211344,1.0020820186130721
$\mathrm{Gr}_{2}(\mathbb{C}^{7})$,Complex Grassmannian,7,2,,20,48,21,0.4166666666666667,21,0.4197215169729387,1.0073316407350528
$\mathrm{Gr}_{2}(\mathbb{C}^{7})$,Complex Grassmannian,7,2,,20,48,21,0.4166666666666667,22,0.4151401768807428,0.9963364245137827
$\mathrm{Gr}_{2}(\mathbb{C}^{7})$,Complex Grassmannian,7,2,,20,48,21,0.4166666666666667,23,0.41536336537560004,0.9968720769014401
$\mathrm{Gr}_{2}(\mathbb{C}^{7})$,Complex Grassmannian,7,2,,20,48,21,0.4166666666666667,24,0.41486465159462604,0.9956751638271024
$\mathrm{Gr}_{2}(\mathbb{C}^{7})$,Complex Grassmannian,7,2,,20,48,21,0.4166666666666667,25,0.41469249048836365,0.9952619771720728
$\mathrm{Gr}_{2}(\mathbb{C}^{7})$,Complex Grassmannian,7,2,,20,48,21,0.4166666666666667,26,0.41572121421659236,0.9977309141198216
$\mathrm{Gr}_{2}(\mathbb{C}^{7})$,Complex Grassmannian,7,2,,20,48,21,0.4166666666666667,27,0.42201385351153486,1.0128332484276836
$\mathrm{Gr}_{2}(\mathbb{C}^{7})$,Complex Grassmannian,7,2,,20,48,21,0.4166666666666667,28,0.41833190552288657,1.0039965732549276
$\mathrm{Gr}_{2}(\mathbb{C}^{7})$,Complex Grassmannian,7,2,,20,48,21,0.4166666666666667,29,0.41321697067441343,0.9917207296185921
$\mathrm{Gr}_{2}(\mathbb{C}^{7})$,Complex Grassmannian,7,2,,20,48,21,0.4166666666666667,30,0.42055893825837126,1.009341451820091
$\mathrm{Gr}_{2}(\mathbb{C}^{7})$,Complex Grassmannian,7,2,,20,48,21,0.4166666666666667,31,0.4202783704401508,1.008668089056362
$\mathrm{Gr}_{2}(\mathbb{C}^{7})$,Complex Grassmannian,7,2,,20,48,21,0.4166666666666667,32,0.4176291359682963,1.002309926323911
$\mathrm{Gr}_{2}(\mathbb{C}^{7})$,Complex Grassmannian,7,2,,20,48,21,0.4166666666666667,33,0.4174563116780535,1.0018951480273284
$\mathrm{Gr}_{2}(\mathbb{C}^{7})$,Complex Grassmannian,7,2,,20,48,21,0.4166666666666667,34,0.4154246182164639,0.9970190837195134
$\mathrm{Gr}_{2}(\mathbb{C}^{7})$,Complex Grassmannian,7,2,,20,48,21,0.4166666666666667,35,0.41481895955230236,0.9955655029255256
$\mathrm{Gr}_{2}(\mathbb{C}^{8})$,Complex Grassmannian,8,2,,24,63,28,0.38095238095238093,0,0.3779823573848662,0.9922036881352738
$\mathrm{Gr}_{2}(\mathbb{C}^{8})$,Complex Grassmannian,8,2,,24,63,28,0.38095238095238093,1,0.37818745369048623,0.9927420659375265
$\mathrm{Gr}_{2}(\mathbb{C}^{8})$,Complex Grassmannian,8,2,,24,63,28,0.38095238095238093,2,0.37918972138099005,0.995373018625099
$\mathrm{Gr}_{2}(\mathbb{C}^{8})$,Complex Grassmannian,8,2,,24,63,28,0.38095238095238093,3,0.3846352852342671,1.0096676237399511
$\mathrm{Gr}_{2}(\mathbb{C}^{8})$,Complex Grassmannian,8,2,,24,63,28,0.38095238095238093,4,0.3793582663675994,0.9958154492149485
$\mathrm{Gr}_{2}(\mathbb{C}^{8})$,Complex Grassmannian,8,2,,24,63,28,0.38095238095238093,5,0.3827037906296171,1.004597450402745
$\mathrm{Gr}_{2}(\mathbb{C}^{8})$,Complex Grassmannian,8,2,,24,63,28,0.38095238095238093,6,0.3806164392209321,0.9991181529549468
$\mathrm{Gr}_{2}(\mathbb{C}^{8})$,Complex Grassmannian,8,2,,24,63,28,0.38095238095238093,7,0.38225353646349247,1.0034155332166679
$\mathrm{Gr}_{2}(\mathbb{C}^{8})$,Complex Grassmannian,8,2,,24,63,28,0.38095238095238093,8,0.3806715642884328,0.9992628562571362
$\mathrm{Gr}_{2}(\mathbb{C}^{8})$,Complex Grassmannian,8,2,,24,63,28,0.38095238095238093,9,0.3841395224398301,1.008366246404554
$\mathrm{Gr}_{2}(\mathbb{C}^{8})$,Complex Grassmannian,8,2,,24,63,28,0.38095238095238093,10,0.38640028789738073,1.0143007557306245
$\mathrm{Gr}_{2}(\mathbb{C}^{8})$,Complex Grassmannian,8,2,,24,63,28,0.38095238095238093,11,0.381680010810241,1.0019100283768827
$\mathrm{Gr}_{2}(\mathbb{C}^{8})$,Complex Grassmannian,8,2,,24,63,28,0.38095238095238093,12,0.3817743388784357,1.0021576395558938
$\mathrm{Gr}_{2}(\mathbb{C}^{8})$,Complex Grassmannian,8,2,,24,63,28,0.38095238095238093,13,0.3816936140401909,1.0019457368555011
$\mathrm{Gr}_{2}(\mathbb{C}^{8})$,Complex Grassmannian,8,2,,24,63,28,0.38095238095238093,14,0.3799778701531762,0.9974419091520875
$\mathrm{Gr}_{2}(\mathbb{C}^{8})$,Complex Grassmannian,8,2,,24,63,28,0.38095238095238093,15,0.38038895180516996,0.9985209984885712
$\mathrm{Gr}_{2}(\mathbb{C}^{8})$,Complex Grassmannian,8,2,,24,63,28,0.38095238095238093,16,0.37949083425807867,0.9961634399274566
$\mathrm{Gr}_{2}(\mathbb{C}^{8})$,Complex Grassmannian,8,2,,24,63,28,0.38095238095238093,17,0.3779001912307307,0.9919880019806682
$\mathrm{Gr}_{2}(\mathbb{C}^{8})$,Complex Grassmannian,8,2,,24,63,28,0.38095238095238093,18,0.38253176635949415,1.004145886693672
$\mathrm{Gr}_{2}(\mathbb{C}^{8})$,Complex Grassmannian,8,2,,24,63,28,0.38095238095238093,19,0.3814542340280481,1.0013173643236264
$\mathrm{Gr}_{2}(\mathbb{C}^{8})$,Complex Grassmannian,8,2,,24,63,28,0.38095238095238093,20,0.38287456658643265,1.0050457372893857
$\mathrm{Gr}_{2}(\mathbb{C}^{8})$,Complex Grassmannian,8,2,,24,63,28,0.38095238095238093,21,0.38309499409230574,1.0056243594923027
$\mathrm{Gr}_{2}(\mathbb{C}^{8})$,Complex Grassmannian,8,2,,24,63,28,0.38095238095238093,22,0.38218004117111315,1.0032226080741722
$\mathrm{Gr}_{2}(\mathbb{C}^{8})$,Complex Grassmannian,8,2,,24,63,28,0.38095238095238093,23,0.3830095068644351,1.0053999555191422
$\mathrm{Gr}_{2}(\mathbb{C}^{8})$,Complex Grassmannian,8,2,,24,63,28,0.38095238095238093,24,0.382950456698902,1.0052449488346178
$\mathrm{Gr}_{2}(\mathbb{C}^{8})$,Complex Grassmannian,8,2,,24,63,28,0.38095238095238093,25,0.37922557631596315,0.9954671378294033
$\mathrm{Gr}_{2}(\mathbb{C}^{8})$,Complex Grassmannian,8,2,,24,63,28,0.38095238095238093,26,0.38211629046289497,1.0030552624650995
$\mathrm{Gr}_{2}(\mathbb{C}^{8})$,Complex Grassmannian,8,2,,24,63,28,0.38095238095238093,27,0.380474174767248,0.998744708764026
$\mathrm{Gr}_{2}(\mathbb{C}^{8})$,Complex Grassmannian,8,2,,24,63,28,0.38095238095238093,28,0.3805718701990384,0.9990011592724758
$\mathrm{Gr}_{2}(\mathbb{C}^{8})$,Complex Grassmannian,8,2,,24,63,28,0.38095238095238093,29,0.38148910242515854,1.0014088938660413
$\mathrm{Gr}_{2}(\mathbb{C}^{8})$,Complex Grassmannian,8,2,,24,63,28,0.38095238095238093,30,0.37884592090090285,0.9944705423648701
$\mathrm{Gr}_{2}(\mathbb{C}^{8})$,Complex Grassmannian,8,2,,24,63,28,0.38095238095238093,31,0.38339962883812356,1.0064240257000745
$\mathrm{Gr}_{2}(\mathbb{C}^{8})$,Complex Grassmannian,8,2,,24,63,28,0.38095238095238093,32,0.38081519850296086,0.9996398960702723
$\mathrm{Gr}_{2}(\mathbb{C}^{8})$,Complex Grassmannian,8,2,,24,63,28,0.38095238095238093,33,0.38664565463057055,1.0149448434052477
$\mathrm{Gr}_{2}(\mathbb{C}^{8})$,Complex Grassmannian,8,2,,24,63,28,0.38095238095238093,34,0.3818204277785131,1.002278622918597
$\mathrm{Gr}_{2}(\mathbb{C}^{8})$,Complex Grassmannian,8,2,,24,63,28,0.38095238095238093,35,0.3787730365417422,0.9942792209220733
$\mathrm{Gr}_{2}(\mathbb{C}^{9})$,Complex Grassmannian,9,2,,28,80,36,0.35,0,0.35006603462642033,1.000188670361201
$\mathrm{Gr}_{2}(\mathbb{C}^{9})$,Complex Grassmannian,9,2,,28,80,36,0.35,1,0.35246378451211396,1.0070393843203256
$\mathrm{Gr}_{2}(\mathbb{C}^{9})$,Complex Grassmannian,9,2,,28,80,36,0.35,2,0.35108727227803493,1.0031064922229571
$\mathrm{Gr}_{2}(\mathbb{C}^{9})$,Complex Grassmannian,9,2,,28,80,36,0.35,3,0.35060877272058455,1.0017393506302417
$\mathrm{Gr}_{2}(\mathbb{C}^{9})$,Complex Grassmannian,9,2,,28,80,36,0.35,4,0.35066579596788094,1.0019022741939456
$\mathrm{Gr}_{2}(\mathbb{C}^{9})$,Complex Grassmannian,9,2,,28,80,36,0.35,5,0.3492493269991017,0.9978552199974335
$\mathrm{Gr}_{2}(\mathbb{C}^{9})$,Complex Grassmannian,9,2,,28,80,36,0.35,6,0.34902358083920054,0.9972102309691445
$\mathrm{Gr}_{2}(\mathbb{C}^{9})$,Complex Grassmannian,9,2,,28,80,36,0.35,7,0.3490123217213684,0.9971780620610528
$\mathrm{Gr}_{2}(\mathbb{C}^{9})$,Complex Grassmannian,9,2,,28,80,36,0.35,8,0.3472247609792102,0.9920707456548863
$\mathrm{Gr}_{2}(\mathbb{C}^{9})$,Complex Grassmannian,9,2,,28,80,36,0.35,9,0.3475613513463411,0.9930324324181175
$\mathrm{Gr}_{2}(\mathbb{C}^{9})$,Complex Grassmannian,9,2,,28,80,36,0.35,10,0.3497517568316677,0.999290733804765
$\mathrm{Gr}_{2}(\mathbb{C}^{9})$,Complex Grassmannian,9,2,,28,80,36,0.35,11,0.3481775233294777,0.9947929237985078
$\mathrm{Gr}_{2}(\mathbb{C}^{9})$,Complex Grassmannian,9,2,,28,80,36,0.35,12,0.35086108496159146,1.0024602427474043
$\mathrm{Gr}_{2}(\mathbb{C}^{9})$,Complex Grassmannian,9,2,,28,80,36,0.35,13,0.3518906171524475,1.0054017632927073
$\mathrm{Gr}_{2}(\mathbb{C}^{9})$,Complex Grassmannian,9,2,,28,80,36,0.35,14,0.34874641860860545,0.9964183388817299
$\mathrm{Gr}_{2}(\mathbb{C}^{9})$,Complex Grassmannian,9,2,,28,80,36,0.35,15,0.35419828369753714,1.0119950962786777
$\mathrm{Gr}_{2}(\mathbb{C}^{9})$,Complex Grassmannian,9,2,,28,80,36,0.35,16,0.349018992812396,0.9971971223211316
$\mathrm{Gr}_{2}(\mathbb{C}^{9})$,Complex Grassmannian,9,2,,28,80,36,0.35,17,0.350453308816031,1.0012951680458029
$\mathrm{Gr}_{2}(\mathbb{C}^{9})$,Complex Grassmannian,9,2,,28,80,36,0.35,18,0.35099685574927314,1.0028481592836376
$\mathrm{Gr}_{2}(\mathbb{C}^{9})$,Complex Grassmannian,9,2,,28,80,36,0.35,19,0.3511954346182531,1.0034155274807233
$\mathrm{Gr}_{2}(\mathbb{C}^{9})$,Complex Grassmannian,9,2,,28,80,36,0.35,20,0.348653488697251,0.9961528248492886
$\mathrm{Gr}_{2}(\mathbb{C}^{9})$,Complex Grassmannian,9,2,,28,80,36,0.35,21,0.3478880186647851,0.9939657676136717
$\mathrm{Gr}_{2}(\mathbb{C}^{9})$,Complex Grassmannian,9,2,,28,80,36,0.35,22,0.34778648632942655,0.993675675226933
$\mathrm{Gr}_{2}(\mathbb{C}^{9})$,Complex Grassmannian,9,2,,28,80,36,0.35,23,0.35066395847732545,1.00189702422093
$\mathrm{Gr}_{2}(\mathbb{C}^{9})$,Complex Grassmannian,9,2,,28,80,36,0.35,24,0.35043923787563797,1.0012549653589657
$\mathrm{Gr}_{2}(\mathbb{C}^{9})$,Complex Grassmannian,9,2,,28,80,36,0.35,25,0.35045729023666206,1.0013065435333202
$\mathrm{Gr}_{2}(\mathbb{C}^{9})$,Complex Grassmannian,9,2,,28,80,36,0.35,26,0.35123544785864647,1.0035298510247042
$\mathrm{Gr}_{2}(\mathbb{C}^{9})$,Complex Grassmannian,9,2,,28,80,36,0.35,27,0.35098571156324854,1.0028163187521388
$\mathrm{Gr}_{2}(\mathbb{C}^{9})$,Complex Grassmannian,9,2,,28,80,36,0.35,28,0.34675932593711506,0.9907409312489003
$\mathrm{Gr}_{2}(\mathbb{C}^{9})$,Complex Grassmannian,9,2,,28,80,36,0.35,29,0.348548852759846,0.9958538650281314
$\mathrm{Gr}_{2}(\mathbb{C}^{9})$,Complex Grassmannian,9,2,,28,80,36,0.35,30,0.3483297923169184,0.9952279780483384
$\mathrm{Gr}_{2}(\mathbb{C}^{9})$,Complex Grassmannian,9,2,,28,80,36,0.35,31,0.35116138168331934,1.0033182333809125
$\mathrm{Gr}_{2}(\mathbb{C}^{9})$,Complex Grassmannian,9,2,,28,80,36,0.35,32,0.3519943094076893,1.0056980268791123
$\mathrm{Gr}_{2}(\mathbb{C}^{9})$,Complex Grassmannian,9,2,,28,80,36,0.35,33,0.353993486896485,1.011409962561386
$\mathrm{Gr}_{2}(\mathbb{C}^{9})$,Complex Grassmannian,9,2,,28,80,36,0.35,34,0.3523310074419551,1.006660021262729
$\mathrm{Gr}_{2}(\mathbb{C}^{9})$,Complex Grassmannian,9,2,,28,80,36,0.35,35,0.35060256304282106,1.0017216086937746
